:020000040800F2
<<<<<<< HEAD
:10000000003C0020250200081D450008BB3F0008F9
:1000100000000000000000000000000000000000E0
:100020000000000000000000000000008146000801
:100030000000000000000000AB010008BD46000801
:100040003702000837020008A945000837020008F7
:10005000370200083702000837020008B51400080C
:100060000000000037020008751300089D13000807
:100070003702000837020008F5520008370200086E
:10008000B5470008370200083702000800000000EA
:10009000370200083702000837020008370200085C
:1000A000370200083702000837020008D55200085E
:1000B000E5520008370200080000000000000000C0
:1000C00000F002F800F047F80CA030C808382418F7
:1000D0002D18A246671EAB4654465D46AC4201D180
:1000E00000F039F87E460F3E0FCCB646012633426B
:1000F00000D0FB1AA246AB4633431847EC7F000002
:100100000C800000103A02D378C878C1FAD85207A0
:1001100001D330C830C101D504680C6070470000BD
:100120000023002400250026103A01D378C1FBD813
:10013000520700D330C100D50B6070471FB501F0E6
:1001400063F804000020002107F01AFE401C6060E4
:100150001FBD10B510BD01F060F81146FFF7EEFFAE
:1001600005F076FB01F078F803B4FFF7F2FF03BC6B
:1001700001F07AF8084B19680868203080F3098884
:10018000022080F31488BFF36F8F3FBCAE4608BCDB
:1001900004BC62B61847000044000020EFF3108052
:1001A00072B6704780F310887047EFF309800E4BEA
:1001B0001A6820381060F0C044464D4656465F46E7
:1001C000F0C008B572B606F0C9FE62B60CBC116884
:1001D00008681030F0C8A046A946B246BB4680F376
:1001E00009882038F0C818474400002070B505463B
:1001F0000C46164602E00FCC0FC5103E102EFAD268
:10020000082E02D303CC03C5083E042E07D301CC2D
:1002100001C5361F03E021782970641C6D1C761E11
:10022000F9D270BD0748804707480047FEE7FEE760
:10023000FEE7FEE7FEE7FEE704480549054A064BF0
:1002400070470000B1470008C100000800360020D8
:10025000003C0020003800200038002010B500F0DD
:10026000D3FF001D10BD00BF197B0000FEB5054681
:1002700010460C46184373D0AE468C460020AD1A8B
:1002800001469C4167D36646002701243D46B61AC5
:100290009D4102D313463A462124654676462F04F3
:1002A000360C3E432D0CB61A9D4104D3150C1B048D
:1002B0002B4312041034654676462F06360A3E4319
:1002C0002D0AB61A9D4104D3150E1B022B431202B0
:1002D0000834654676462F0736093E432D09B61A7F
:1002E0009D4104D3150F1B012B431201241D6546AC
:1002F0007646AF07B6083E43AD08B61A9D4104D313
:10030000950F9B002B439200A41C65467646EF0791
:1003100076083E436D08B61A9D411AD392185B4188
:10032000641C16E00018764665464941B71A9D419F
:100330000191009009D36046B11A98418E468446D7
:10034000009801990025401C6941DD0752082A43A5
:100350005B08641EE6D57246634603B0F0BDFFE756
:1003600000200146C046C0462A462346F5E7000065
:10037000034670B502460B439B070FD10E4CE601B6
:1003800000E008C208C91D1B9D433542F9D0D9B20F
:100390001170521C00290DD01B0AF8E70B78491C7C
:1003A0001370521C002B05D00B78491C1370521C83
:1003B000002BF3D170BD000001010101F8B5042A42
:1003C0002CD3830712D00B78491C0370401C521E9B
:1003D00083070BD00B78491C0370401C521E830707
:1003E00004D00B78491C0370401C521E8B079B0FD6
:1003F00005D0C91ADF002023DE1B08C90AE0FFF779
:10040000F5FEF8BD1D4608C9FD401C46B4402C430E
:1004100010C0121F042AF5D2F308C91A521EF0D4D4
:100420000B78491C0370401C521EEAD40B78491CFF
:100430000370401C012AE4D409780170F8BDD2B2DF
:1004400010B513029A1813049A1800F00EF810BD94
:1004500001E004C0091F0429FBD28B0701D50280EB
:10046000801CC90700D00270704700290BD0C30759
:1004700002D00270401C491E022904D3830702D512
:100480000280801C891EE3E70022EEE70022DFE7FE
:10049000024670B50A4392072AD11E4DEE0104C8E8
:1004A00008C9541B9443344017D0D0B2D9B2401A73
:1004B0002106014310D190B299B2401A21040143A0
:1004C0000AD110021902000A090A401A2102014346
:1004D00002D1100E190E401A70BD9A42DFD010BA28
:1004E00019BA884201D9012070BD0020C04370BDF7
:1004F00002780B78401C491C002A09D09A4207D187
:1005000002780B78401C491C002A01D09A42EFD097
:10051000D01A70BD01010101002203098B422CD3C6
:10052000030A8B4211D300239C464EE003460B4343
:100530003CD4002243088B4231D303098B421CD3A5
:10054000030A8B4201D394463FE0C3098B4201D397
:10055000CB01C01A524183098B4201D38B01C01ACF
:10056000524143098B4201D34B01C01A5241030946
:100570008B4201D30B01C01A5241C3088B4201D3F5
:10058000CB00C01A524183088B4201D38B00C01AA2
:10059000524143088B4201D34B00C01A5241411AC9
:1005A00000D201465241104670475DE0CA0F00D0AC
:1005B0004942031000D34042534000229C460309A5
:1005C0008B422DD3030A8B4212D3FC22890112BA2B
:1005D000030A8B420CD3890192118B4208D3890103
:1005E00092118B4204D389013AD0921100E089091B
:1005F000C3098B4201D3CB01C01A524183098B42FC
:1006000001D38B01C01A524143098B4201D34B01E4
:10061000C01A524103098B4201D30B01C01A524147
:10062000C3088B4201D3CB00C01A524183088B42CE
:1006300001D38B00C01A5241D9D243088B4201D357
:100640004B00C01A5241411A00D201466346524142
:100650005B10104601D34042002B00D54942704741
:1006600063465B1000D3404201B50020C046C0463F
:1006700002BD7047704770470246C80FC0078143EC
:100680004B0030B54B405B009B0D20D01923DB069F
:10069000C91801231B05994220DB0324A407042564
:1006A0001346AB400BD3002B04D1EB0613409B0049
:1006B000E34204D401246407002312195941FF23A3
:1006C0001B0599420BD2C9000143500F09E0CB0230
:1006D00004D501430803024305D0054830BDFF217E
:1006E000C905084330BD084607210905884330BDC8
:1006F0000000C07FF0B50C46871A9C410D46861A53
:100700009D4103D2C01BA141D21963410D0D1F0DA4
:10071000C94EEC1BAE435CD07F057F0D0026002F39
:1007200051D02D05AC46A943DD020123ED0A1B057E
:100730001D4320231B1B24D41746E7403818714162
:100740002F46E740CC199D402818314661410C0DD9
:1007500027D161449A4013D50023401C59415200CF
:100760000ED14008400001224B005205D34207D36E
:1007700005204007C14201D5B04900E0B0493046EC
:10078000F0BD6B00002A00D001229A181F23203CE4
:100790001B1B01D5002302E0E540281871410C0D18
:1007A000D7D0012424050919C407CD0740084908FA
:1007B000E40F28436144002CD5D00024401C614143
:1007C0009A40D0D1CDE76A05520DD9D1C90FC907DA
:1007D000D5E79C4D4E00002801D0012400E0002404
:1007E00034195F00002A01D0012600E00026BE195E
:1007F000954FAC420CD8AE420AD8B44206D001257F
:100800006D05EC42BCD010461946F0BD9942FCD0B3
:1008100000203946F0BDF0B51FB40C460F46811AD2
:100820009F412546861A9D4106D20125ED076F405E
:10083000401ABC4152187B41210D1E0D8D1BAC4648
:100840007D4D8D437ED075056D0D7CD00D05AE467A
:10085000AC431B031B0B794D52429D41202366463E
:100860009B1B14D31746F74038180026009074419C
:1008700060462F460741E41900989D4028186641BC
:1008800016D4714671189A4025D5012320E093189B
:100890002A466A415200002B00D0521C1E23203EE3
:1008A0009B1B002B61DD3541EE1728186641E8D50A
:1008B000001876415B1C9A4000D3401C4B05F3188E
:1008C0001524E34010D3002B52D071467118D30F7A
:1008D000C01802D3491C05B0F0BD0123DB079A42C2
:1008E000F9D140084000F6E701225205B21801D1C3
:1008F000002853D00123CC0ADB029943891E002A29
:1009000008D1020C03D0020C0004103902E00246A8
:10091000002020390023550B05D112020823550B66
:1009200001D152010D23550C01D112011B1DD50C13
:1009300001D192009B1C150D01D152005B1C20259A
:10094000EE1A01E02CE022E00546F5401543984000
:10095000CA1AE10769181305C918002ABBDA03206F
:1009600040070818C10FC9070FE071466118B2E7C8
:10097000F10740080843711071444A000CD001236C
:100980005B059A42A7D2C90FC9070020A3E7490512
:10099000490D26D1002001E00028F4D100219AE77A
:1009A000284D6600002801D0012100E000217118C7
:1009B0005F00002A01D0012600E00026BE19224F68
:1009C000A94210D8AE420ED8B14208D001256D051B
:1009D000E94206D01946A802414010467BE79C42F6
:1009E00001D0214677E70020394674E710B50C4660
:1009F0005C4005D50124E4076340FFF70CFF10BD00
:100A0000FFF778FE10BD30B40C465C4004D50124DD
:100A1000E407634030BC6DE630BCFCE670B50124F1
:100A2000E40761400D465D4002D4FFF763FE70BDF0
:100A30006340FFF7F0FE70BDFF0700000000F0FF0D
:100A40000000F07F0000E0FF0000F87FF0B5F94DF6
:100A50000C091E092C402E402F468BB0A7437DD099
:100A6000B543FCD0002E7AD0002CFCD00D465D4062
:100A7000ED0F2543AC1BFF25AD0464190894C50296
:100A8000440DC9022143500DDC0204430120C0077C
:100A900001430443D2020191200C110C00958C46B5
:100AA000010423468B430A9161460904E24D8A43BF
:100AB0000991010A7D4449198039097805464D4359
:100AC00001266D18F605751B6943C90C640B891C5A
:100AD0004C436418B5012C1B250C2E04B4434C4325
:100AE0004D43210C691889090591009DE90701D042
:100AF0000121C90704912C4601996708CD072F43AE
:100B00004C08059DE10B4D432D0C29466646754367
:100B100002950D4645432E46029D7D1BB44100952E
:100B20000D465D4301942C0C2F040D465543AE46F3
:100B30002D0C3D43029503947546049C2D04641BC3
:100B4000049406D2029C039D641C00267541039503
:100B5000029401AC70CC009F7D1B01E03EE162E19C
:100B6000B44109040095079101940599A4086143D3
:100B7000090C0C464443650BE7040C466646744377
:100B8000A646640B3C43039502947446049DE4041A
:100B90002C1B049406D2029C039D641C0026754104
:100BA0000395029401AC70CC009F7D1BB44101946D
:100BB0000C465C430095650FE7000C465443A6467F
:100BC000640F3C43039502947446049DE4002C1B7F
:100BD000049406D2029C039D641C00267541039573
:100BE000029401AC70CC009F7D1BB441AE09AF06EE
:100BF000049DC900AD092F43049DA406AD060495CC
:100C0000079D344369180791059DE10B4D432D0C59
:100C100029466646754302950D4645432E46029D7C
:100C20007D1BB44100950D465D4301942C0C2F04AF
:100C30000D465543AE462D0C3D4302950394754633
:100C4000049C2D04641B049406D2029C039D641C26
:100C5000002675410395029401AC70CC009F7D1B6A
:100C6000B44101948C050694079C890A611800958B
:100C70000791019C0599A4086143090C0D46454361
:100C8000680BEF040D46644665436C0B3C43049FC0
:100C9000ED047D1BAC4602D20025641C6841009E19
:100CA000019D371B85410846584301950C46460F68
:100CB000C5005443600F28436546E4002C1B02D254
:100CC0000025401C6E41019D3F1AB5412846BD09D3
:100CD000800628438446A009BF064E020699A40652
:100CE00076180743079D002068410A990790194329
:100CF0000020099B00906046FF1913434041E20F1A
:100D000064003A43A4460446D71A8C41A04203D952
:100D10000120009020463A46C70F94184041624691
:100D2000D20F2243644664000494009CBE466400D3
:100D3000D71AA446044602978C417746002F01D16A
:100D4000A04204D96046401C8446029A2046C40F43
:100D5000A64694184041049A0546D20F22436446A1
:100D60006400D31A8D417146002901D1A84202D9ED
:100D700028461A46641C10430122002800D016435E
:100D800061020020079B891904465C410223002C64
:100D900002DB491813466441089DCE0A2D145D19E3
:100DA0004B056705E10A2C050D1908993E43C90753
:100DB0006940002B08D0934006D30022761C514195
:100DC000002B01D1760876001C4A002D43DB15422A
:100DD00041D0AA433FD030460BB0F0BD06180D46B7
:100DE0004D41174C7642AC411AD395181C465C41D4
:100DF000134A6D42A24113D3012252054C00D44242
:100E00000AD15C00D4420BD04B4002D59202114370
:100E1000E2E749004908DFE75940C90FC90718E070
:100E200000200849D8E7054801420DD10342F7D018
:100E3000F2E700000000FF078D7500000000F07F62
:100E40000000E0FF0000F87F114859400143C01244
:100E500041400020C0E70123089A9B069A4205DC26
:100E6000032252078918C90FC907B5E7052252079F
:100E70008918074A1143D2125140ADE770B51546A3
:100E80001C4602460B4628462146FFF7DFFD70BD93
:100E9000FFFFFF7F0346CA02400D10B510430A153D
:100EA00004D00124E4072043002A05DB0A4CA21ADF
:100EB00004D4D040FF2A00DD002010BD4A00002BE2
:100EC00001D0012000E00020101801225205D0427C
:100ED000F2D8C817C04310BD1E040000F0B58B4CFB
:100EE0000F09254689B0BD437BD01D092646AE4378
:100EF000FAD00E465E402740F60F3E43254071D0A3
:100F000024012142FBD0FF24AD19A4042D1B03951D
:100F100001252D05DB02DB0AC9022B43C90A29433F
:100F20001E010901040F130F050121431701880B4E
:100F3000820391432D098C46A90B1E438A039543D6
:100F4000B30B9A0396433F09BA0B9403A743029647
:100F50002E467E430497B6464E19D7190C46019685
:100F6000544305977E43371B7646BF1B3601B64672
:100F7000BE0B361900967646BC043719009C01D387
:100F8000641C00946400002F01D001263443029EAB
:100F9000049F754366467E430496760034196E00BE
:100FA00034190094029C019E1C196643751BAE46C1
:100FB000069465464519059C05956C43594375464D
:100FC0000891691A0191049E01465143A41B0491A2
:100FD000611A009C0791E10605D0610901221143C5
:100FE00002E072E06EE06109089D00272C0A2D06E0
:100FF0006918049D7C412A0A2D066918019D6241E9
:10100000AC0DAD026D185441079A910D920255191D
:101010006141029A644658435443069B059A5A43D9
:10102000121A131B9A0E9B015B187A41010B0005E3
:10103000C3185141220A200644195A419A4200D24B
:10104000491C01204002814203D315230226F643A6
:1010500002E014230326F6432020C51AA9401746B0
:10106000AF40DA400A4320460399D8400914731868
:1010700019055118039A3843D2075140AC4009D0A2
:101080000122944006D30022401C5141002C01D182
:10109000400840001E4A934212D301220398920650
:1010A000904207DB0520400709181A480143C01287
:1010B000414004E0032040070818C10FC907002081
:1010C00009B0F0BD0020F107FAE705180C464C41C5
:1010D00011486D42A04115D394181A465A410E4842
:1010E000644290410ED301204A004005824209D358
:1010F0005A00824206D35940C90F084AC907002046
:101100001143DDE700200649DAE700000000FF0791
:10111000FE070000FFFFFF7F0000E0FF0000F07F00
:101120000000F87F0121C9050123411842001B0678
:10113000D3185B0E0AD0C1100722D20689184007C7
:101140005242D14201D5520089187047090208D590
:101150000146002A03D0C10FC9070020704710467E
:101160007047420202D0002002497047072109055A
:101170000143F4E70000F87F0102C21504D0012307
:10118000DB071943002A0ADB9E239A1A02D4084679
:10119000D0407047FF2241001206914201D9002041
:1011A0007047C017C04370471F22030C02D10F22A3
:1011B00000041CD0030E01D10002083A030F01D134
:1011C0000001121F830F01D18000921E002801DB55
:1011D0004000521ED2055118021251181922904097
:1011E00004D3491C002801D149084900084670472A
:1011F000C10FC90700D04042012292071143D3E733
:1012000001218907D0E7000000487047BC35002065
:10121000004870479C35002070477546FFF7F8FF7F
:10122000AE46050069465346C008C000854618B062
:1012300020B5FFF701F860BC00274908B646002634
:10124000C0C5C0C5C0C5C0C5C0C5C0C5C0C5C0C576
:10125000403D49008D46704710B50446C046C04623
:101260002046FEF781FF10BD01491820ABBEFEE706
:101270002600020010B5112000F044F810BD000057
:1012800010B501221146094800F0D6FE0A2000F0F0
:1012900003FDFF20F53000F049F8002800D010BD14
:1012A00000F006F8FFF7E6FF00BFF8E7000800507F
:1012B0001CB5002101910091012201A90A2004F02E
:1012C0007BF9002804D001200D490875801E1CBD43
:1012D000012269460B2004F06FF9002804D0012098
:1012E00007490875801EF2E768460079044948738B
:1012F0006846007888730020087500BFE7E70000A3
:10130000040D002038B50446684604702004010E20
:101310006846417002226946002004F05EF9002808
:1013200002D00020C04338BD0020FCE738B5044699
:1013300000F088FE054614E0002000900122694676
:101340000A2004F039F9002807D168460078802186
:101350000840002801D0002038BD0A2000F09CFC85
:1013600000BF00F06FFE401BA042E5D30020C04349
:10137000F2E7000010B507480068002802D00548D1
:1013800000F064FB04480068002802D0024800F026
:101390005DFB10BDC00700209808002010B507486D
:1013A0000068002802D0054800F050FB044800689F
:1013B000002802D0024800F049FB10BD08080020B8
:1013C0005008002030B51C25446C2C400125A54058
:1013D000046C6560046863608468102C04D1046840
:1013E000A2600468E16003E00468A1600468E26050
:1013F00030BD000030B503460C460A48834204D392
:101400009000C018084DA84201D9012030BD00212C
:1014100004E0880018588D006051491C9142F8D3AF
:101420000020F3E700000808FF170808F8B5054694
:101430000E461746002000901C48854208D3B8008D
:1014400040191B49884203D8A807800F002801D003
:101450000120F8BD72B600F08BFC00241EE0A10054
:10146000481900F02FFC00900098002800D017E0E9
:10147000A0003258A0004119022000F043FC009067
:101480000098002800D00BE0A0002858A100715857
:10149000884202D00120009002E0641CBC42DED3EE
:1014A00000BF00F025FC62B60098D2E700000808F3
:1014B000FF17080810B5202000F0A4FCFF20013021
:1014C00000F0A0FC0120000300F09CFC0120400380
:1014D00000F098FC10BD72B600BFFEE7002039494D
:1014E0008969FF2201321140914208D13649496988
:1014F00002221143344A5161FF210131084331492D
:101500008969012252021140914208D12E4949694C
:10151000012211432C4A5161012149020843294902
:101520008969012292021140914208D126494969F4
:1015300008221143244A51610121890208432149AB
:1015400089690122D2021140914208D11E4949699C
:10155000042211431C4A51610121C902084319495F
:101560008969012252031140914208D11649496903
:1015700010221143144A51610121490308431149C2
:101580008969012252041140914207D10E494969EB
:10159000202211430C4A51612021084309498969DD
:1015A000012212041140914208D1074949694022A1
:1015B0001143054A51610121090408430149886129
:1015C0007047000000200240B00E002070B50446B5
:1015D00000F038FD05460BE0601C002808D0002C08
:1015E00004D000F02FFD401BA04201D9032070BDA4
:1015F0001F488069C007C00F0028EDD11C488069D2
:1016000002210840022801D11949886118488069DF
:10161000FF2101310840884223D0154880694900E4
:10162000084088421DD0124880694900084088421D
:1016300017D00F48806949000840884211D00C48F3
:1016400080698900084088420BD0094880690901F7
:101650000840884205D00648806949100840884201
:1016600003D1FFF73BFF0120C1E70020BFE70000E7
:101670000020024000B585B014216846FEF706FF41
:101680001048009003200190002002906946052038
:10169000000700F0C7FB0C480090032001900020D9
:1016A00002906946094800F0BDFBFE20009003202F
:1016B0000190002002906946054800F0B3FB05B098
:1016C00000BD0000E118000001FC00000004005013
:1016D0000008005000B587B0142102A8FEF7D6FE1E
:1016E00000BF7A48C06A012108437849C8620846A9
:1016F000C06AC007C00F019000BF00BF00BF08460E
:10170000C06A022108437149C8620846C06A0221C2
:101710000840019000BF00BF00BF6C48C06A0421B0
:1017200008436A49C8620846C06A0421084001901B
:1017300000BF00BF480302900120039000200490E6
:101740000120059002A90520000700F06BFB042092
:10175000029001200390002004900120059002A92E
:101760005B4800F05FFB01204002029001200390E3
:10177000002004900120059002A9554800F052FB7A
:101780001020029001200390002004900120059079
:1017900002A90520000700F045FB0220029001206D
:1017A0000390002004900120059002A9484800F011
:1017B00039FB012040020290012003900020049098
:1017C0000120059002A9434800F02CFBFF200130C6
:1017D000029001200390002004900120059002A9AE
:1017E0003C4800F01FFBFF200130029011200390C5
:1017F000002004900120059002A90520000700F0B8
:1018000011FB02200290012003900020049001208F
:10181000059002A90520000700F004FB01200290BA
:101820000390002004900120059002A9294800F0AF
:10183000F9FA202002902120000403900020049057
:1018400002A9234800F0EEFAFF2001300290112097
:10185000000403900020049002A91D4800F0E2FA61
:101860000120400302901120000403900020049006
:1018700002A9184800F0D6FA0120000302902120A6
:10188000000403900020049002A9124800F0CAFA54
:10189000002211490520000700F0CEFB00220F496D
:1018A0000B4800F0C9FB00220C49FB31094800F04D
:1018B000C3FB00220121072000F0C4FE072000F036
:1018C000B3FEFFF7D7FE07B000BD000000100240D6
:1018D00000040050000800501281000006020000C1
:1018E000F0B58DB0182107A8FEF7D0FD182101A88A
:1018F000FEF7CCFD00240027264804F055FF0746DC
:10190000002F01D10DB0F0BD152F01DD152000E035
:1019100038460646324607A91E4804F08CFF0025CB
:101920002EE007A8405D0A2828D1681C84B2224610
:1019300001A9184804F09DFF002C06DD601E01A9D6
:10194000085C0A2801D1601E84B2002C06DD601EEE
:1019500001A9085C0D2801D1601E84B2002001A9F4
:101960000855002C09DD68460079432805D101A8F7
:1019700004F0F0F8074804F020FFC3E7681C85B2C4
:10198000B542CEDB152E02D1024804F01DFF00BF88
:10199000B8E7000000020020014600222520405C3C
:1019A000022808D00420C86300BF00232420435429
:1019B00000BF01207047086800680E2398430B6839
:1019C000186008680068400840000B6818601C2315
:1019D000486C184001238340086C43600123252094
:1019E000435400BF00232420435400BF1046E1E7C6
:1019F00070B5044600252520005D022803D0042090
:101A0000E063012520E0206800680E2188432168FA
:101A100008602068006840084000216808601C21B8
:101A2000606C084001218140206C4160012125202B
:101A3000015500BF00212420015500BFA06B0028E4
:101A400002D02046A16B8847284670BD70B5044679
:101A5000206C0568206806681C20616C0140042029
:101A60008840284000281DD004203040002819D08C
:101A70002068006820210840002805D120680068FF
:101A800004218843216808601C21606C08400421FF
:101A90008140206C4160206B00285AD02046216B89
:101AA000884756E01C20616C014002208840284095
:101AB000002825D002203040002821D0206800686E
:101AC00020210840002808D1206800680A218843A6
:101AD000216808600121252001551C21606C084007
:101AE00002218140206C416000BF0021242001556B
:101AF00000BFE06A00282CD02046E16A884728E031
:101B00001C20616C0140082088402840002820D01B
:101B10000820304000281CD0206800680E2188432F
:101B2000216808601C21606C084001218140206C04
:101B300041600120E06301212520015500BF002103
:101B40002420015500BF606B002802D02046616B45
:101B5000884770BD70B50446002C01D1012070BDCE
:101B6000244A2168881A1421FEF7D6FC800060649C
:101B70002048083820640221252001552068056886
:101B80001D480540E168A068084321690843616970
:101B90000843A1690843E1690843216A08430543F2
:101BA0002068056001218903A068884217D0114888
:101BB0007830806A1C22616C11400F228A40904369
:101BC0000C49783188621C22616C11406068884041
:101BD00008497831896A08430649783188620020CB
:101BE000E06301212520015500212420015500201A
:101BF000B5E70000080002400F80FFFFF8B504467B
:101C00000D4616461F460020009000BF2420005DB0
:101C1000012801D10220F8BD01212420015500BF77
:101C20002520005D01282DD102212520015500200D
:101C3000E0632068006840084000216808603B4677
:101C4000324629462046FFF7BDFB206B002806D010
:101C5000206800680E210843216808600BE02068B6
:101C600000680421884321680860206800680A2110
:101C70000843216808602068006801210843216842
:101C8000086006E000BF00212420015500BF0220AB
:101C900000900098BFE7000070B5044600F0D2F94C
:101CA00006462546681C002802D0054800782D18F5
:101CB00000BF00F0C7F9801BA842FAD370BD000036
:101CC0004000002070B5044600250748FFF77EFC61
:101CD0000546002D06D10549486120600248FFF7FE
:101CE00075FC0546284670BD50C30000B00E0020AC
:101CF00003484068012108430149486000207047BB
:101D000000200240F8B504460D46164600BF1648AE
:101D1000007C012801D10220F8BD0120124908747D
:101D200000BF1248FFF752FC0746002F14D10E499E
:101D30004861022C01D12E6008E0012C01D12E80D7
:101D400004E0002C01D12E7000E00127002F03D108
:101D50000648FFF73BFC074600BF00200249087415
:101D600000BF3846D8E70000B00E002050C3000086
:101D70000F484068C007C00F002816D000BFEFF31F
:101D80001080014600BF72B60A48094AD0600A486E
:101D9000D06000BF81F3108800BF10464068C007C4
:101DA000C00F002801D0012070470020FCE7000090
:101DB00000200240EFCDAB890504030220280CD09F
:101DC000C11FF93900290CD00F221202891A10D034
:101DD00001221203891A10D107E00121084AD170AB
:101DE0000CE00121064A117008E00121044A9170BB
:101DF00004E00121024A117100E000BF00BF7047FA
:101E00001400002010B50446054840692040002811
:101E100004D0034844612046FFF7D0FF10BD000006
:101E20000004014070B502460B460021002400204A
:101E3000E1E001268E401D6835402C46002C79D00B
:101E40001D79AD07AD0F012D04D01D79AD07AD0F84
:101E5000022D18D190684E000325B5400646AE43CA
:101E600030464E00DD68B54028439060506801253B
:101E70008D400646AE43304610265D6835402D093C
:101E80008D40284350601D79AD07AD0F032D0BD059
:101E9000D0684E000325B5400646AE4330464E009E
:101EA0009D68B5402843D0601D79AD07AD0F022D68
:101EB00015D1CD08AE0015462035A8594D07EE0EB8
:101EC0000F25B5400646AE4330464E07F60E1D6957
:101ED000B5402843CD08AD00164620367051106835
:101EE0004E000325B5400646AE4330461D79AD078A
:101EF000AD0F4E00B54028431060032636045D68E0
:101F00003540002D76D03F4D6D6B012635433D4E5B
:101F100075633D4D8E08B600A8598D072E0F0F250D
:101F2000B5400646AE43304605252D07AA4202D1EC
:101F300000251AE05EE0354DAA4201D1012514E0EA
:101F4000334DAA4201D102250FE0324DAA4201D100
:101F500003250AE0304DAA4201D1042505E02F4DAA
:101F6000AA4201D1052500E006258E07360FB540AF
:101F70002843254D8E08B600A851294DA86805466E
:101F8000A5432846012636055D683540002D02D060
:101F9000054625432846224DA860E8680546A54326
:101FA0002846012676055D683540002D02D005469D
:101FB000254328461A4DE86068680546A54328462B
:101FC000012676045D683540002D02D00546254384
:101FD0002846134D686028680546A5432846012613
:101FE00036045D683540002D02D00546254328465D
:101FF0000B4D2860491C1D68CD40002D00D018E70E
:1020000070BD0000001002400800014000040050B4
:1020100000080050000C005000100050001C005040
:102020000004014010B5426913460B401B040C46E6
:1020300094432343836110BD002A01D0816100E0F5
:102040008162704701480068704700003800002036
:1020500002464120805C20282FD100BF4020805CB8
:10206000012801D10220704701234020835400BF82
:1020700024234120835410680068400840001368FE
:1020800018601068006801231B03984313681860E8
:10209000106800680843136818601068006801231E
:1020A00018431368186020234120835400BF002385
:1020B0004020835400BF0020D5E70220D3E710B5AD
:1020C00002460B464120805C20282ED100BF4020D4
:1020D000805C012801D1022010BD012440208454DD
:1020E00000BF242441208454106800684008400048
:1020F00014682060106801680F2424020846A04379
:10210000014618020143106801601068006801244C
:1021100020431468206020244120845400BF002400
:102120004020845400BF0020D6E70220D4E70000FE
:1021300010B50446002C01D1012010BD4120005DE6
:10214000002805D1002140200155204600F00EFA5C
:102150002421412001552068006840084000216882
:1021600008600F21090660688843216808612068BB
:1021700080680121C903884321688860E0680128DC
:1021800006D10121C903A06808432168886005E0E1
:1021900021218902A068084321688860E06802283C
:1021A00007D1206840680121C902084321684860BE
:1021B00006E0206840680121C90288432168486020
:1021C0002068406814490843216848602068C06856
:1021D0000121C90388432168C860616920690843F7
:1021E000A169090208432168C860216AE0690843BF
:1021F00021680860206800680121084321680860A0
:10220000002060642021412001550020206300212E
:1022100042200155002090E700800002FFB583B006
:1022200004460C9F0E9E4120005D20287ED1002F89
:1022300002D00D98002805D10120400260640120E1
:1022400007B0F0BD00BF4020005D012801D1022091
:10225000F6E701214020015500BFFFF7F3FE0546D8
:1022600019230122D1032046009502F07BF80028B3
:1022700001D00120E4E722214120015540214220E4
:1022800001550020606467620D98608500206063DE
:1022900000960195204604A90EC901F0C5FF00284B
:1022A00006D000BF00214020015500BF0120C7E734
:1022B000608DFF280CD90120208541480090208D99
:1022C000C2B201231B062046049902F02DF80BE050
:1022D000608D20853A480090208DC2B201235B06B4
:1022E0002046049902F020F800BF33460022042162
:1022F0002046009502F036F8002801D001209FE723
:102300002068406A616A0870606A401C6062208DC3
:10231000401E2085608D401E6085608D00282BD07A
:10232000208D002828D13346002200E045E080219E
:102330002046009502F016F8002801D001207FE722
:10234000608DFF280CD90120208500200090208D71
:10235000C2B201231B062046049901F0E5FF0BE001
:10236000608D208500200090208DC2B201235B0685
:102370002046049901F0D8FF608D0028B5D12A4687
:102380003146204602F02DF8002801D0012057E701
:1023900020202168C861206840680A4908402168F7
:1023A000486020214120015500214220015500BFF5
:1023B0004020015500BF002042E7022040E7000016
:1023C0000024008000E800FEFFB583B004460C9FA7
:1023D0000E9E4120005D20287ED1002F02D00D9856
:1023E000002805D1012040026064012007B0F0BD43
:1023F00000BF4020005D012801D10220F6E7012145
:102400004020015500BFFFF71DFE0546192301229C
:10241000D1032046009501F0A5FF002801D001203E
:10242000E4E72121412001554021422001550020AF
:10243000606467620D986085002060630096019576
:10244000204604A90EC901F02FFF002806D000BFC6
:1024500000214020015500BF0120C7E7608DFF2803
:102460000CD9FF20208500200090208DC2B20123CE
:102470001B062046049901F057FF0BE0608D208574
:1024800000200090208DC2B201235B0620460499F3
:1024900001F04AFF00BF2A463146204601F0D4FF32
:1024A000002801D00120A1E7606A007821688862D5
:1024B000606A401C6062608D401E6085208D401EF9
:1024C0002085608D00282BD0208D002828D1334610
:1024D00000228021204600E043E0009501F042FF09
:1024E000002801D0012081E7608DFF280CD9FF2052
:1024F000208500200090208DC2B201231B062046BB
:10250000049901F011FF0BE0608D20850020009000
:10251000208DC2B201235B062046049901F004FF1E
:10252000608D0028B7D12A463146204601F059FF78
:10253000002801D0012059E720202168C8612068C7
:102540004068094908402168486020214120015520
:1025500000214220015500BF4020015500BF00204E
:1025600044E7022042E7000000E800FE7047000058
:10257000034800680349097840180149086070471A
:10258000380000204000002010B5002408480068F2
:102590004021084306490860032000F00BF800289A
:1025A00001D0012401E000F02FF8204610BD00000A
:1025B0000020024070B50446104801787D20C0001C
:1025C000FDF7AAFF064631460D480068FDF7A4FF57
:1025D000054600F001FF002801D0012070BD042C49
:1025E00007D200222146501E00F02CF80548046056
:1025F00001E00120F2E70020F0E7000040000020A9
:10260000240000203C0000200648406B01210843C4
:10261000044948630846806B0904084301498863FC
:1026200070470000001002400146002905DBCB0680
:10263000DB0E01229A40024B1A6000BF7047000077
:1026400000E100E070B504460D46164629462046D6
:1026500002F004FF70BD000003480068FF21013153
:10266000084301490860704700700040F8B504460F
:10267000002720212068084020287BD120680840BE
:10268000202800D100BF8B48806B0121090708403A
:10269000002805D18748806B084386498863012755
:1026A00085480068FF2101310840002816D1824882
:1026B0000068084380490860FFF7C4FC064606E04E
:1026C000FFF7C0FC801B642801D90320F8BD7A48BD
:1026D0000068FF21013108400028F1D075480568E5
:1026E000032109050D4060680840A8420DD009117A
:1026F00060680840884208D16E480068012149049A
:102700000840884201D10120E0E76A484030006972
:102710000321090408400546002D3DD060680840AB
:10272000A84239D0202120680840202834D16148AF
:102730004030006903210904884305465D48403064
:1027400000690121C90408435A494031086108461B
:1027500000690121C904884356494031086108468F
:102760000561801528408915884215D1FFF76AFC5C
:10277000064608E03DE0FFF765FC801B4F498842B4
:1027800001D90320A2E74B484030006901214902EA
:102790000840400A0028EED0202120680840202868
:1027A0001FD100BF00BF03210904606808408842B0
:1027B0000AD1404800680901884303221205616874
:1027C000114008433B49086000BF3A484030006967
:1027D0000322120461681140084336494031086100
:1027E00000BF012F05D13348806B39078843314939
:1027F00088632078C007C00F002809D02D484030DA
:10280000C06880088000A16808432A494031C86038
:10281000022120680840022809D126484030C068BB
:102820000C218843E168084322494031C8600421F3
:102830002068084004280AD11E484030C06803219F
:1028400089028843216908431A494031C860082138
:102850002068084008280AD116484030C068032183
:10286000090388436169084312494031C860FF2168
:1028700001312068084088420AD10E484030C068C3
:10288000032109048843A16908430A494031C8600B
:1028900080212068084080280AD106484030C0685E
:1028A000032189048843E169084302494031C86033
:1028B00000200BE700100240007000408813000069
:1028C000F8B504460E46002C01D10120F8BD83481E
:1028D0000068C007C00FB04218D2804800684008A6
:1028E000400030437D490860FFF7ACFB054607E038
:1028F000FFF7A8FB401B7A49884201D90320E5E78E
:1029000076480068C007C00FB042F1D102212068AC
:102910000840022807D17348C068F0218843A168A5
:1029200008437049C8602078C007C00F00284CD009
:102930006068022809D16B480068012149040840F9
:10294000400C002824D10120C0E76068032809D189
:1029500064480068012149060840400E002817D14C
:102960000120B3E76068012808D15E4800680421AF
:102970000840800800280BD10120A7E759480068CB
:10298000012149020840400A002801D101209DE7A9
:102990005448C06880088000616808435149C86095
:1029A000FFF750FB0546606802280FD107E0FFF7EC
:1029B00049FB401B4A49884201D9032086E7494820
:1029C000C0680C2108400828F1D134E06068032871
:1029D0000FD107E0FFF736FB401B4149884201D980
:1029E000032073E73F48C0680C2108400C28F1D150
:1029F00021E0606801280FD107E0FFF723FB401BAF
:102A00003749884201D9032060E73648C0680C2165
:102A100008400428F1D10EE007E0FFF713FB401B4C
:102A20002F49884201D9032050E72E48C0680C2165
:102A300008400028F1D129480068C007C00FB04203
:102A400018D92648006840084000304323490860F0
:102A5000FFF7F8FA054607E0FFF7F4FA401B2049B4
:102A6000884201D9032031E71C480068C007C00F25
:102A7000B042F1D1042120680840042808D1194847
:102A8000C068072109028843E16808431549C86006
:102A9000082120680840082809D11248C068072189
:102AA000C90288432169C90008430E49C86000F083
:102AB0004BF80C49C968F022114009090A4A515CD7
:102AC000C8400A4908600A480068FFF773FD0746D6
:102AD000002F01D03846F9E60020F7E6002002403A
:102AE0008813000000100240248000082400002009
:102AF0003C000020014800687047000024000020CE
:102B000000B5FFF7F7FF0549C96807221202114017
:102B1000090A034A515CC84000BD00000010024091
:102B20003480000800B5FFF7E5FF0549C9680722B2
:102B3000D2021140C90A034A515CC84000BD0000DE
:102B40000010024034800008FEB52E48C7680C20F3
:102B50003840002845D0042804D008280CD00C2880
:102B60003ED10BE02748006810210840002801D022
:102B7000254C00E0254C41E0254C3FE00F2080042F
:102B80003840800C23490E5C032080053840800DBE
:102B9000401C01901B48C06801210904084000281E
:102BA00007D01B49714308460199FDF7B5FC05465E
:102BB00014E01448006810210840002807D012498A
:102BC000714308460199FDF7A7FC054606E00F4949
:102BD000714308460199FDF79FFC05462C460DE020
:102BE00000BF08484068072149030840400B009097
:102BF0000098401C01218140CC0300BF00BF20464B
:102C0000FEBD00000010024000093D000024F40059
:102C100000127A003C800008FEB50446002C01D169
:102C20000120FEBDFB48C7680C210F40C068012190
:102C30000904084001902078C007C00F002872D016
:102C4000082F04D00C2F0FD1019888420CD1F148E5
:102C50000068012149040840400C002863D06068E6
:102C6000002860D10120DCE700BF01210904606871
:102C7000884205D1E74800680843E649086027E034
:102C800005210904606888420ED1E24800680121EC
:102C900089040843DF4908600846006801210904E7
:102CA0000843DC49086013E0DA48006801210904A0
:102CB0008843D84908600846006801210904084093
:102CC000009000BFD348006889008843D14908605C
:102CD00000BF6068002813D0FFF7B4F9054606E08E
:102CE000FFF7B0F9401B642801D9032099E7C948D0
:102CF0000068012149040840400C0028F0D012E08F
:102D0000FFF7A0F9054606E0FFF79CF9401B642891
:102D100001D9032085E7BF48006801214904084024
:102D2000400C0028F0D102212068084002286CD114
:102D3000E66820203040002809D0B64800682021ED
:102D40000843B44908602021304688430646042FD2
:102D500004D00C2F34D10198002831D1AD4800683F
:102D6000042108408008002803D0002E01D1012052
:102D700057E7A84840681F210902884321690902D2
:102D80000843A44948600846006809218843304345
:102D9000A0490860FFF7D8FE9E49C968F02211409B
:102DA00009099D4A515CC8409C4908609C480068DC
:102DB000FFF700FC0290029800283FD0029830E70D
:102DC000002E23D09348006809218843304391495D
:102DD0000860FFF737F9054606E0FFF733F9401BB7
:102DE000022801D903201CE78A4800680421084012
:102DF00080080028F1D0874840681F2109028843D5
:102E00002169090208438349486017E08148006846
:102E1000400840007F490860FFF714F9054606E0C6
:102E2000FFF710F9401B022801D90320F9E6794881
:102E300000680421084080080028F1D11021206892
:102E40000840102868D1002F37D172480068490126
:102E50000840400A002804D0A069002801D10120C0
:102E6000DFE66C484068072149038843216A08432C
:102E700068494860084640680002000A217F090648
:102E8000084364494860206A400B401C012181408E
:102E9000C8036049C968F022114009095E4A515CC3
:102EA000C8405E4908605E480068FFF783FB0290F7
:102EB000029800284BD00298B3E6A06900282CD0D5
:102EC00054480068FF210131084352490860FFF768
:102ED000B9F8054606E0FFF7B5F8401B022801D90E
:102EE00003209EE64B480068012149020840400A41
:102EF0000028F0D047484068072149038843216AE9
:102F0000084344494860084640680002000A217F9F
:102F1000090608433F49486019E03E480068FF2120
:102F2000013188433B490860FFF78CF8054606E00D
:102F3000FFF788F8401B022801D9032071E63548C5
:102F40000068012149020840400A0028F0D1082108
:102F500020680840082839D1606900281BD02D4816
:102F600040300069012108432A4940310861FFF7D8
:102F700069F8054606E0FFF765F8401B022801D90D
:102F800003204EE6234840300069022108404008F3
:102F90000028F0D01AE01F48403000694008400087
:102FA0001C4940310861FFF74DF8054606E0FFF780
:102FB00049F8401B022801D9032032E61548403069
:102FC00000690221084040080028F0D1042120684F
:102FD000084004287BD1002000900E48806B8906B1
:102FE0000840002806D10B48806B084309498863D4
:102FF000012000900B480068FF21013108400028A3
:1030000020D108480068084306490860FFF71AF80D
:10301000054610E000100240248000082400002033
:103020003C00002000700040FFF70CF8401B6428B3
:1030300001D90320F5E587480068FF2101310840E8
:103040000028F1D000BFFF210131A068884205D1DE
:103050008148006908438049086130E0A068002881
:103060000DD17D480069FF21013188437A4908610B
:103070000846006909158843774908611FE0052162
:103080000902A06888420DD17348006901218902B4
:1030900008437149086108460069891508436E496B
:1030A00008610CE06C480069FF21013188436A49DE
:1030B000086108460069091588436749086100BF2F
:1030C000A068002815D0FEF7BDFF054608E031E0F6
:1030D000FEF7B8FF401B6149884201D90320A0E5F3
:1030E0005D480069012149020840400A0028EFD0EC
:1030F00013E0FEF7A7FF054607E0FEF7A3FF401B1E
:103100005649884201D903208BE5534800690121C3
:1031100049020840400A0028EFD10098012808D150
:103120004D484038806B0121090788434A4940399E
:10313000886300BF606A00284CD00C2F69D0606A99
:10314000022848D1444840380068012109068843D4
:10315000414940390860FEF775FF054606E0FEF775
:1031600071FF401B022801D903205AE53A48403834
:103170000068012149060840400E0028EFD1E16AAD
:10318000A06A0843216B084333494039C968FD22CE
:1031900012049143084330494039C860084600682A
:1031A0000121090608432C4940390860FEF74AFF0F
:1031B000054606E0FEF746FF401B022801D9032022
:1031C0002FE5254840380068012149060840400E97
:1031D0000028EFD03CE02048403800680121090673
:1031E00088431D4940390860FEF72CFF054606E07C
:1031F000FEF728FF401B022801D9032011E51648DD
:1032000040380068012149060840400E0028EFD1EF
:103210001EE0606A012800D103E50F484038C0680D
:1032200001900121090401980840A16A88420DD14A
:103230000F21890401980840E16A884206D10321E0
:10324000890501980840216B884201D00120E8E4FB
:103250000020E6E4007000404010024088130000A7
:103260000449096804221143024A11600121024AFB
:1032700051707047007000401400002010B50446E3
:10328000012000050F4948612068806801218903F9
:103290000840800B002811D02068C0680911084040
:1032A000800A00280AD02068C068802108400649AA
:1032B00008432168C8602046FFF7D2FF0121212082
:1032C000015510BD000401407FFBFFFF70B50446AF
:1032D0000125002C01D1012070BD2120005D0028B6
:1032E00005D1002120200155204600F055F802218B
:1032F000212001552068C0681021084000090028DD
:1033000040D100BFCA20216848625320216848622A
:1033100000BF204601F004F90546002D1DD12068AC
:1033200080681C49084021688860216960680843FA
:10333000A169084321688968084321688860216879
:10334000E068086120680069218909040843216850
:103350000861204601F00DF90546002D0DD12068C9
:10336000C06C800880002168C8646169E069084316
:103370002168C96C08432168C86400BFFF20216828
:10338000486200E00025002D02D1012121200155D5
:103390002846A1E7BFFF8FFF7047000070B50446C5
:1033A00000250C482168C860FEF74CFE054608E081
:1033B000FEF748FE401B7D21C900884201D9032049
:1033C00070BD2068C068202108400028F0D000208F
:1033D000F6E700005FFF010070B504462546681E51
:1033E0000949884201D901200CE0681E074948615B
:1033F0000321081F02F032F80020044988610720E9
:103400000861002070BD0000FFFFFF0000E000E049
:1034100030B502460B4600BF3820805C012801D140
:10342000022030BD01253820855400BF02253920F7
:103430008554106844681068816870252046A84348
:10344000044618680443106844600125AD071068FD
:10345000A8420BD00E4D1068A84207D00D4D106841
:10346000A84203D00C4D1068A84207D18025084619
:10347000A84301465868014310688160012539203E
:10348000855400BF00253820855400BF0020C8E7C0
:1034900000040040000801400014014010B504463B
:1034A000002C01D1012010BD3920005D002805D17C
:1034B000002138200155204600F018F8022139205B
:1034C0000155211D206801F0DDF901213E20015543
:1034D00000BF3A2001553B2001553C2001553D20BD
:1034E000015500BF392001550020DCE7704700007E
:1034F00001463920405C012801D001207047022399
:10350000392043540868C068012318430B68D86009
:1035100001239B07086898420BD0104B086898421B
:1035200007D00F4B0868984203D00E4B08689842AA
:103530000CD1086880684207520F062A0CD0086830
:103540000068012318430B68186005E008680068EC
:10355000012318430B6818600020CFE700040040E7
:103560000008014000140140F8B504460D46002053
:10357000009000BF3820005D012801D10220F8BD75
:1035800001213820015500BF022139200155206852
:1035900086687721304688430646FF210902304677
:1035A00088430646206886602868502834D00CDCA2
:1035B000202851D004DC00284CD0102852D14AE0F9
:1035C00030284AD040284DD13AE060282ED07028CB
:1035D00007D001210903401A02D0401A42D10DE060
:1035E00043E0EB686A68A968206801F08DF92068FB
:1035F0008668772006432068866036E0EB686A6854
:10360000A968206801F080F9206880680121890399
:1036100008432168886028E0EA686968206801F04A
:103620008DF95021206801F07DF91EE0EA68696893
:10363000206801F09CF96021206801F073F914E022
:10364000EA686968206801F079F94021206801F092
:1036500069F90AE000BF00BF00BF2968206801F0D7
:1036600061F902E00120009000BF00BF0121392074
:10367000015500BF00213820015500BF00987EE7AA
:10368000704770B504462068C56820680669022046
:103690003040022819D12840022816D1401F216845
:1036A000086101202076206880698007800F00284B
:1036B00003D02046FFF7E4FF05E0204600F07EF847
:1036C000204600F07CF800202076042030400428BA
:1036D0001AD12840042817D1C0432168086102206C
:1036E000207620688069032109020840002803D061
:1036F0002046FFF7C5FF05E0204600F05FF82046B2
:1037000000F05DF80020207608203040082819D10C
:103710002840082816D1C04321680861042020767B
:103720002068C0698007800F002803D02046FFF77B
:10373000A7FF05E0204600F041F8204600F03FF8E2
:10374000002020761020304010281AD12840102860
:1037500017D1C04321680861082020762068C0691D
:10376000032109020840002803D02046FFF788FF04
:1037700005E0204600F022F8204600F020F8002066
:103780002076F007C00F00280AD0E807C00F0028F5
:1037900006D00120C04321680861204600F010F8DF
:1037A00040203040402808D12840402805D1C0435F
:1037B00021680861204600F004F870BD704770472A
:1037C00070477047F8B504460D46174680200059EB
:1037D000202839D1002D01D0002F01D10120F8BDC2
:1037E00001210903A068884208D12069002805D179
:1037F000E807C00F002801D00120F0E70120206673
:10380000002060663A462946204601F09BFC0646A9
:10381000002E17D1206E012813D1102021680862D4
:1038200000BF01F05DFE0090012001F062FE206803
:1038300000681021084321680860009801F059FED3
:1038400000E001263046CAE70220C8E738B5054641
:103850000C46002000907649286888422ED1754891
:10386000008884420BDD73480088201A82B27248B7
:10387000704B1B88C118714803F01EF815E06D48A5
:103880000088844211DA6B480088FF230133181A3C
:1038900082B26948674B1B88C118684803F00CF86E
:1038A00022466549654803F007F8624804800088AD
:1038B000FF2802DD00205F490880B7E060492868E2
:1038C000884237D15F48008884420BDD5D4800881C
:1038D000201A82B25C485B4B1B88C1185B4802F01F
:1038E000EBFF15E057480088844211DA55480088FC
:1038F000FF230133181A82B25348524B1B88C11858
:10390000524802F0D9FF22464F49504802F0D4FFF6
:103910004C4804800088FF2802DD002049490880C7
:1039200002204B49087000236A464A48006803F0A9
:10393000EEFC7BE04849286888423CD14748008833
:1039400084420BDD45480088201A82B24448434B2C
:103950001B88C118434802F0AFFF15E03F480088BC
:10396000844211DA3D480088FF230133181A82B2DD
:103970003B483A4B1B88C1183A4802F09DFF22464B
:103980003749384802F098FF34480088201A3649F1
:103990000860324804800088FF2802DD00202F499B
:1039A000088004202A49087000236A4629480068D4
:1039B00003F0ADFC3AE02D492868884236D12C4806
:1039C000008884420BDD2A480088201A82B22948E8
:1039D000274B1B88C118284802F06EFF15E02448C9
:1039E0000088844211DA22480088FF230133181A24
:1039F00082B220481E4B1B88C1181F4802F05CFF92
:103A000022461C491C4802F057FF194804800088D0
:103A1000FF2802DD00201649088005200C490870A7
:103A200000236A460B48006803F071FC38BD0000B3
:103A30000038014030000020E0080020FC00002099
:103A40000044004032000020E00900200002002075
:103A50002800002010000020004C0040340000200E
:103A6000E00A0020040300202C0000200050004049
:103A700036000020E00B0020080400207047000002
:103A8000274A016891420FD108210268116204217E
:103A9000026811620221026811620121026811624A
:103AA000002284210A503AE01E4A016891420FD157
:103AB0000821026811620421026811620221026871
:103AC0001162012102681162002284210A5026E05D
:103AD000154A016891420FD1082102681162042140
:103AE00002681162022102681162012102681162FA
:103AF000002284210A5012E00C4A016891420ED142
:103B00000821026811620421026811620221026820
:103B10001162012102681162002284210A5070475B
:103B20000038014000440040004C0040005000407C
:103B3000F0B585B004462068C5692068066820682D
:103B40008768F84828400390039800280FD1202068
:103B5000284000280BD020203040002807D0A06E3D
:103B6000002802D02046A16E884705B0F0BD03981A
:103B700000287DD0F807C00F002803D1EA48304064
:103B80000028F6D0E807C00F00280DD0FF20013034
:103B90003040002808D001202168086284200059A4
:103BA00001210843842108510220284000280CD01C
:103BB000F807C00F002808D002202168086284207E
:103BC000005904210843842108510420284000287A
:103BD0000CD0F807C00F002808D004202168086224
:103BE00084200059022108438421085108202840DC
:103BF000002810D020203040002803D1F807C00F43
:103C0000002808D008202168086284200059082173
:103C10000843842108510120C002284000280ED00A
:103C2000012080063040002809D00120C002216810
:103C300008628420005920210843842108518420EF
:103C40000059002854D020202840002809D02020E6
:103C50003040002805D0A06E002802D02046A16E7A
:103C6000884784200059029020688068402100E045
:103C70003FE00840402804D028210298084000284E
:103C800030D0204601F054F8206880684021084078
:103C9000402823D100BF01F020FC0190012001F059
:103CA00025FC20688068402188432168886001984D
:103CB00001F01CFC00BF606F00280BD09B48616FB7
:103CC0008863606FFDF794FE002811D0606F816BF0
:103CD00088470DE02046FFF7D3FE09E02046FFF7B6
:103CE000CFFE05E02046FFF7CBFE002184200151E6
:103CF0003BE7206E01287DD110202840002879D094
:103D0000102030400028FAD0102021680862206876
:103D100080684021084040286DD1606F006840688D
:103D200080B20190019800286BD05820015B019867
:103D3000814266DD5A2101980853606F006800686F
:103D40002021084000284CD100BF01F0C6FB0090A4
:103D5000012001F0CBFB20680068FF21013188437E
:103D600021680860009801F0C1FB00BF00BF01F0AE
:103D7000B4FB0090012001F0B9FB20688068400886
:103D8000400021688860009801F0B0FB00BF00BFD0
:103D900001F0A3FB0090012001F0A8FB20688068DF
:103DA0004021884321688860009801F09FFB00BF94
:103DB0002021802001510020206600BF01F08DFBF2
:103DC0000090012001F092FB2068006810218843D8
:103DD00021680860009801F089FB00BF606FFDF763
:103DE000DBFD022060665820025B5A20005B101A3F
:103DF00081B202E068E018E003E02046FFF726FD0C
:103E000012E05820015B019881420DD1606F00687B
:103E1000006820210840202806D102206066582032
:103E2000015B2046FFF712FD9FE65820015B5A20F8
:103E3000005B081A80B201905A20005B002842D033
:103E4000019800283FD000BF01F047FB00900120FF
:103E500001F04CFB20680068FF2121318843216874
:103E60000860009801F042FB00BF00BF01F035FB85
:103E70000090012001F03AFB206880684008400073
:103E800021688860009801F031FB00BF202180206C
:103E9000015100202066A06600BF01F01EFB0090CB
:103EA000012001F023FB206800681021884321686D
:103EB0000860009801F01AFB00BF022060662046EF
:103EC0000199FFF7C3FC50E60120000528400028B7
:103ED0000CD0012080053840002807D001200005C3
:103EE000216808622046FFF7C9FD3EE68020284091
:103EF00000280AD080203040002806D0E06E00283C
:103F000002D02046E16E88472FE640202840002856
:103F10000ED04020304000280AD0204600F048FF54
:103F200023E600000F08000020010004914B000868
:103F300000BF1AE610B50446002C01D1012010BDC7
:103F4000A069002800D000E000BFE06F002805D184
:103F5000002178200155204600F02BF82420E0674E
:103F6000206800684008400021680860606A0028F6
:103F700002D0204600F014FD204600F04BFF01283F
:103F800000D1DCE7206840680921C9028843216824
:103F90004860206880682A218843216888602068FA
:103FA00000680121084321680860204600F070FD88
:103FB000C5E7704770477047704700BFFEE70000D5
:103FC00000B587B0142102A8FCF760FA00BF2448AE
:103FD000C06A022108432249C8620846C06A022119
:103FE0000840019000BF00BF1D48806B09050843D1
:103FF0001B498863C0200290122003900020049087
:10400000032005900120069002A91648FDF70AFF3B
:104010001548164908601648486000211348816019
:104020000121C1600021016141618161C1610162C1
:10403000FEF77EF8002801D0FDF74DFA00210B486D
:10404000FEF706F8002801D0FDF745FA00210748E1
:10405000FEF735F8002801D0FDF73DFA07B000BDA6
:104060000010024000040050005400400C050020E5
:10407000583D500001688969022211404908002911
:1040800002D000210268916201688969C907C90FDD
:10409000012251405140002904D10168896911432E
:1040A0000268916170470000F7B584B004460E467F
:1040B0000020039020688769002506980290102050
:1040C0003840102854D12168C8613DE0701C002898
:1040D0003AD0FDF7B7FF0299401AB04201D8002E3E
:1040E00032D12068406801218903084001904220B4
:1040F000005D00902068806949000840C00B0028DE
:104100000ED04910019888420AD00098202807D084
:1041100020684068084321684860FDF793FF0290DB
:104120000AE0FDF78FFF0299401A192804D92020D0
:1041300005430120039006E02068806920210840A3
:1041400040090028EDD000BF206880692021084088
:104150004009002802D103980028B7D0039800280E
:1041600002D120202168C86104200543012003906A
:1041700020688769FF2001303840FF2101318842E3
:1041800006D10120054300022168C8610120039087
:1041900001208002384001218902884206D108208E
:1041A0000543C0012168C86101200390012040023D
:1041B000384001214902884206D10220054300020D
:1041C0002168C861012003900398002815D020467B
:1041D000FFF750FF2068406809490840216848609F
:1041E000606C284360642021412001550021422059
:1041F000015500BF4020015500BF039807B0F0BD36
:1042000000E800FEFEB504460D4616461F46642033
:10421000610001232A460197009602900148FDF7AC
:10422000FDFFFEBD0C050020FFB581B0044615461C
:104230001E460A9F1B48F2B20023009020460299B6
:1042400000F072F8394620460B9A00F0FDF800287D
:1042500002D0012005B0F0BD012E03D1E8B22168E3
:10426000886211E0FF200002284000122168886265
:10427000394620460B9A00F0E7F8002801D00120CB
:10428000E8E7E8B2216888620B983B4600224021AB
:104290000090204600F066F8002801D00120D9E700
:1042A0000020D7E700200080FFB581B00446154606
:1042B0001E460A9F1B48F2B2C30200902046029994
:1042C00000F032F8394620460B9A00F0BDF800287D
:1042D00002D0012005B0F0BD012E03D1E8B2216863
:1042E000886211E0FF2000022840001221688862E5
:1042F000394620460B9A00F0A7F8002801D001208B
:10430000E8E7E8B2216888620B983B4600228021EA
:104310000090204600F026F8002801D00120D9E7BF
:104320000020D7E700200080F8B5069C8D05AD0D74
:104330001604FF273F043E4035431D4325436D00CF
:104340006D08009505686E68650D0127BF023D4048
:10435000034F3D43AE43009D2E4305686E60F8BD9C
:10436000FF63FF03F8B504460D4617461E462CE0D2
:1043700031462046069AFFF797FE002801D001201B
:10438000F8BD701C002820D0FDF75CFE0699401A8D
:10439000B04201D8002E18D1206880692840A84278
:1043A00001D1012000E00020B8420ED1606C202134
:1043B000084360644120015500214220015500BF9F
:1043C0004020015500BF0120DAE7206880692840BD
:1043D000A84201D1012000E00020B842C8D000204E
:1043E000CEE770B504460D46164624E0324629460F
:1043F0002046FFF759FE002801D0012070BDFDF7CF
:1044000021FE801BA84201D8002D14D120688069AC
:1044100020210840400900280DD1606C08436064E9
:104420004120015500214220015500BF4020015587
:1044300000BF0120E2E72068806920210840400990
:104440000028D3D00020D9E770B504460D461646A3
:1044500028E0324629462046FFF726FE002801D0F4
:10446000012070BD681C00281CD0FDF7EBFD801BEF
:10447000A84201D8002D15D120688069022108408A
:10448000400800280ED1606C202108436064412060
:10449000015500214220015500BF4020015500BFB9
:1044A0000120DEE7206880690221084040080028DA
:1044B000CFD00020D5E70000FEB504460D461646D5
:1044C0001F466420610001232A460197009602904E
:1044D0000148FDF779FFFEBD0C05002070B50246CE
:1044E0000B460C48002112E0555C684000240BE0AC
:1044F000C507ED0F002D04D04510074E7540284626
:1045000000E04010651CECB2082CF1DB491C99421C
:10451000EAD370BDFFFF000001A0000000BFFEE76E
:1045200070B50446002600252068C0684021084078
:1045300000281CD12068C068802108432168C86019
:10454000FDF780FD06460AE0FDF77CFD801B7D211E
:10455000C900884203D90421212001550125206882
:10456000C06840210840002801D1012DECD1284627
:1045700070BD70B5044600252068C068802188435E
:104580002168C8602068806820210840002808D180
:104590002046FEF703FF002803D004212120015507
:1045A0000125284670BD000010B50248FEF766FEE2
:1045B00010BD0000E00C002010B512480069012178
:1045C000890408430F4908610F481049086000201A
:1045D00048607F210D488160FF21C1600021016199
:1045E00041618161C161FEF771FE002801D0FCF7D5
:1045F00072FF002203210220FEF724F80220FEF7BA
:1046000013F810BD4010024000280040E00C0020CC
:104610003EB500200190029000240090174802F05F
:10462000C3F8C4B2072C28DB24E0032269461348F0
:1046300002F001F96846007801280BD068464078FE
:10464000032807D068468078022803D00B4802F080
:10465000BBF80BE0072201A9084802F00AF901A8FB
:1046600001F0A6FA054802F0A8F805E0034802F0B8
:104670009BF8C4B2072CD8DA00BF3EBD0804002066
:104680007047000010B50122022105200007FDF748
:10469000D3FCFCF7F5FD0122D10305200007FDF74F
:1046A000CBFC012204210448FDF7C6FC0122510283
:1046B0000148FDF7C1FC10BD0004005010B50548CD
:1046C0000069FDF755FF03F0E1F8012801D002F081
:1046D000A1FC10BD00E000E000B59BB034210EA8A5
:1046E000FBF7D4FE142109A8FBF7D0FE202101A876
:1046F000FBF7CCFE2C4800680321C9028843012146
:10470000C902401828490860FDF7A6FF274800693C
:104710000121C904084325490861084600690121AF
:10472000C904884321490861084600690321C90278
:1047300088431E49086106200E90881510900120BC
:1047400011901020129002201790002118911991B9
:1047500081051A910EA8FEF75FFA002801D0FCF738
:10476000BAFE0F20099003200A9000200B900C90B5
:104770000D90002109A8FEF7A3F8002801D0FCF74E
:10478000AAFE2B20019000200390049006900120A7
:104790000004029001A8FDF769FF002801D0FCF792
:1047A0009AFE1BB000BD00000070004040100240A7
:1047B0007047000008B50B48FEF763FF0A48006821
:1047C00000280ED00020009069460748006802F0DB
:1047D000FCFD0098002803D0012000070349486031
:1047E00000BF08BD600500200C00002000ED00E0C7
:1047F00000B587B0002003900490059006900190CA
:1048000002901C48806B022108431A4988631A48A9
:104810001A4908601A4848600021184881609F21A1
:10482000C160002101614161FEF738FE002801D01E
:10483000FCF751FE01200003039003A90F48FEF787
:1048400093FE002801D0FCF746FE00200190029064
:1048500001A90A48FEF7DCFD002801D0FCF73BFE69
:10486000002203211020FDF7EDFE1020FDF7DCFEF5
:1048700007B000BD001002400004004060050020A9
:104880000F27000010B5026801239B07984208D04B
:104890001A4B984205D01A4B984202D0194B9842B5
:1048A00005D170241346A3431A464B681A430123CB
:1048B0009B07984208D0114B984205D0104B984264
:1048C00002D0104B984206D1032424021346A3437E
:1048D0001A46CB681A4380241346A3430C6923432A
:1048E0001A468B68C3620B688362036804242343FF
:1048F000036001234361026010BD0000000400401A
:10490000000801400014014070B50C468168FF2684
:1049100036020D46B54329461D021543254329435A
:10492000816070BD10B50A46816870240B46A343B0
:104930001946072313431943816010BD70B50B4618
:104940001446026A056A6D086D0005628169F026E9
:104950000D46B5432946250129430A261546B54388
:104960002A4615461D432A468161026270BD70B514
:104970000B461446026A056A1026B5430562816932
:104980000F2636030D46B543294625032943A026A5
:104990001546B5432A461D012A438161026270BD56
:1049A0000822416A1140082907D1016849681203A9
:1049B0009143426B114302685160818CC907C90F52
:1049C000002908D001684968012252049143826A93
:1049D0001143026851600222416A1140022907D145
:1049E00001684968D2039143C26A11430268516069
:1049F0000422416A1140042907D101684968120460
:104A00009143026B1143026851601022416A1140C8
:104A1000102907D10168896812029143826B114302
:104A2000026891602022416A1140202907D1016863
:104A3000896812029143C26B11430268916040225F
:104A4000416A1140402915D1016849689203914398
:104A5000026C11430268516001221205016C9142FF
:104A600008D101684968032252059143426C114301
:104A7000026851608022416A1140802907D1016893
:104A8000496812039143826C114302685160704778
:104A9000F8B50446002184200151FDF7D3FA0546FC
:104AA0002068006808210840082823D137482B4691
:104AB000002289040090204600F0B2FB002819D0A3
:104AC00000BF00F00AFD0646012000F00FFD20683F
:104AD00000688021884321680860304600F006FDA8
:104AE00000BF2020E06700BF00217820015500BFF3
:104AF0000320F8BD2068006804210840042836D14E
:104B000022482B46002209050090204600F088FB31
:104B100000282CD000BF00F0E0FC0646012000F089
:104B2000E5FC20680068FF21213188432168086086
:104B3000304600F0DBFC00BF00BF00F0CEFC0646B4
:104B4000012000F0D3FC2068806840084000216804
:104B50008860304600F0CAFC00BF2021802001514F
:104B600000BF00217820015500BF0320C1E72020AD
:104B7000E06720218020015100202066606600BF90
:104B800000217820015500BF0020B2E7FFFFFF01A0
:104B900070B50446A56A00215A2041532846FEF705
:104BA0006FFF70BDF8B50546AC6AE66F8020075907
:104BB0002068806880210840802807D1212E05D1F7
:104BC000002152200153204600F00DF92068806832
:104BD00040210840402807D1222F05D100215A202A
:104BE0000153204600F0A4F8842000591021084306
:104BF000842108512046FEF743FFF8BD70B50546F5
:104C0000AC6A286800682021084000284DD10021A6
:104C10005A20015300BF00F060FC0646012000F05E
:104C200065FC20680068FF21013188432168086025
:104C3000304600F05BFC00BF00BF00F04EFC0646B3
:104C4000012000F053FC2068806840084000216883
:104C50008860304600F04AFC00BF00BF00F03DFC19
:104C60000646012000F042FC20688068402188430D
:104C700021688860304600F039FC00BF2021802088
:104C80000151206E012810D100BF00F026FC06461D
:104C9000012000F02BFC2068006810218843216867
:104CA0000860304600F022FC00BF00206066206EE5
:104CB000012815D100215A2001532868406886B286
:104CC0005820005BB04201DD5A2006535820025B99
:104CD0005A20005B101A81B22046FEF7B7FD02E0B1
:104CE0002046FFF767F970BD70B50546AC6A012034
:104CF0006066206E012817D15820005B41085A20B9
:104D000001532868406886B25820005BB04201DB3E
:104D10005A2006535820025B5A20005B101A81B2B9
:104D20002046FEF793FD02E02046FFF744F970BDF0
:104D300070B5044600BF00F0D0FB0546012000F02E
:104D4000D5FB20680068FF21213188432168086075
:104D5000284600F0CBFB00BF00BF00F0BEFB0546BD
:104D6000012000F0C3FB20688068400840002168F3
:104D70008860284600F0BAFB00BF206E012810D1E1
:104D800000BF00F0AAFB0546012000F0AFFB206841
:104D900000681021884321680860284600F0A6FBBF
:104DA00000BF20218020015100202066A06670BD38
:104DB00070B5044600BF00F090FB0546012000F0EE
:104DC00095FB2068006840218843216808602846D8
:104DD00000F08CFB00BF2020E0670020E06620464A
:104DE000FFF7EAF870BD70B5044600BF00F075FB30
:104DF0000546012000F07AFB20680068C021884346
:104E000021680860284600F071FB00BF2020E067A1
:104E100070BD0000F0B587B0044600200390BE4985
:104E20002068884200D100E000BF2169A0680843E3
:104E300061690843E1690843059020680068B74943
:104E400008400599084321680860206840680321EC
:104E500009038843E168084321684860A069059018
:104E6000AD492068884203D0206A0599084305901F
:104E7000206880680B21090288430599084321684E
:104E8000886000BFA6492068884217D1A548C0683D
:104E90008007800F002806D0012808D0022804D0FF
:104EA000032808D105E0012607E0022605E00426D4
:104EB00003E0082601E0102600BF47E09A49206879
:104EC000884217D19748C0680C210840002806D0B6
:104ED000042808D0082804D00C2808D105E00026B2
:104EE00007E0022605E0042603E0082601E010267C
:104EF00000BF2BE08D492068884201D1002625E0C3
:104F00008B492068884201D100261FE08249206831
:104F100088421AD18348C0680321890208400028CA
:104F200008D001218902401A08D0401A04D0401A42
:104F300008D105E0002607E0022605E0042603E08C
:104F4000082601E0102600BF00E0102600BF7249CD
:104F50002068884251D1002E06D0022E08D0042E9F
:104F600012D0082E17D113E0FDF7CAFD054616E052
:104F70006C4840380068102108400009002801D022
:104F80006C4D00E06C4D0AE0FDF7DEFD054606E0E5
:104F90000125ED0303E000250120039000BF00BFC1
:104FA000002D0AD0606841004018A84203D860680C
:104FB0000003A84202D201200390A7E0606802909B
:104FC0002846FF21013100F023FA626852080023CD
:104FD0008018594101910090029AFBF747F9074662
:104FE000032109028F4205D35448874202D8206822
:104FF000C7608BE00120039088E00121C903E069CC
:10500000884247D1330000F01BFA09060A0E211A24
:105010002121211E2100FDF773FD05461AE0FDF751
:1050200081FD054616E03F484038006810210840E1
:105030000009002801D03F4D00E03F4D0AE0FDF798
:1050400083FD054606E00125ED0303E00025012070
:10505000039000BF00BF002D58D06A0063685B0852
:10506000D0186168FBF758FA0746102F0FD3344861
:1050700087420CD832480F38384004903807400F28
:1050800004990843049004982168C8603EE0012018
:1050900003903BE0330000F0D3F909060A0E211A11
:1050A0002121211E2100FDF72BFD05461AE0FDF709
:1050B00039FD054616E01B484038006810210840BD
:1050C0000009002801D01B4D00E01B4D0AE0FDF750
:1050D0003BFD054606E00125ED0303E00025012028
:1050E000039000BF00BF002D10D061684A0850191E
:1050F000FBF712FA0746102F06D31148874203D850
:10510000B8B22168C86001E0012003900020A066C9
:10511000E066039807B0F0BD00480040F369FFEF78
:10512000003801404010024000440040004C004064
:105130000050004000093D000024F400FFFF0F0074
:10514000FFFF0000F8B504460E4615466665582078
:105150000553002184200151222180200151606FDC
:1051600000281DD02B48616FC8622B48616F08630F
:105170002A48616F48630020616F8863236819467D
:1051800024312B46626D606FFCF738FD002807D094
:105190001021842001512021802001510120F8BDDF
:1051A0002069002811D000BF00F097F907460120C0
:1051B00000F09CF920680068FF2101310843216854
:1051C0000860384600F092F900BF00BF00F085F992
:1051D0000746012000F08AF9206880680121084311
:1051E00021688860384600F081F900BF00BF00F0F8
:1051F00074F90746012000F079F9206880684021A1
:10520000084321688860384600F070F900BF00202C
:10521000C5E70000FD4B0008E94C0008A54B00085D
:10522000FFB581B004460D4617460A9E46E0701C45
:10523000002843D0FCF706FF0499401AB04201D879
:10524000002E02D1032005B0F0BD206800680421C3
:105250000840002832D0802D30D0402D2ED020683C
:10526000C06908210840C00800280FD00820216824
:1052700008622046FFF75CFD08218420015100BF31
:1052800000217820015500BF0120DCE72068C069BB
:105290000121C9020840C00A00280FD00846216831
:1052A00008622046FFF744FD20218420015100BF01
:1052B00000217820015500BF0320C4E72068C069A1
:1052C0002840A84201D1012000E00020B842AED021
:1052D0000020B8E710B50248FEF72AFC10BD000018
:1052E000A005002010B50248FEF722FC10BD00000A
:1052F0002806002010B507480068002802D005489D
:10530000FEF716FC04480068002802D00248FEF7A9
:105310000FFC10BDB00600203807002010B586B085
:105320000446142101A8FBF7B1F83448806B012131
:10533000C90408433149886300BF0846C06A042194
:1053400008432E49C8620846C06A042108400090FC
:1053500000BF00BF00BF2948006B01210843274957
:1053600008630846006BC007C00F009000BF00BF75
:10537000032080020190022002900020039003206D
:1053800004900620059001A91D48FCF74BFD1D481F
:105390002060E120400260600021A160E1602161A5
:1053A0000C2161610021A161E16121620020606244
:1053B0002046FEF7BFFD002801D0FCF78CF812480C
:1053C000124908600C204860002110488160C160CB
:1053D000802101610021416181612021C1610021A1
:1053E0000162FCF7B7FB002801D0FCF774F800BF9E
:1053F00006486067846200BF06B010BD001002401E
:1054000000080050004C00406C0002405008002092
:10541000F8B582B28BB2040C0D0C10465843002133
:1054200026465E43370C36048019794116466E4392
:10543000370C36048019794126466E438919F8BD28
:1054400030B47446641E2578641CAB4204D3635D9B
:105450005B00E31830BC18471D46F8E710B500287C
:1054600019DB1A4A03231B02D21883089B00D25867
:105470008307DC0EFF23A3409A438B071B0E840790
:10548000E40EA3401A43114B032424021B19840881
:10549000A4001A5118E00E4A03071B0F083B9B0893
:1054A0009B00D2588307DC0EFF23A3409A438B074F
:1054B0001B0E8407E40EA3401A43054B0407240F78
:1054C000083CA408A4001A5110BD000000E100E04F
:1054D0001CED00E0EFF305807047EFF3108070479C
:1054E000EFF310807047EFF31080704780F310885F
:1054F000704780F31088704700BF012000F002FA67
:10550000FBE700000024FFF7BDF800BF0021C943FE
:105510000B48006802F04AF80128F7D1601CC4B2B9
:1055200005212046FBF702F8002904D110210520AF
:105530000007FCF777FDC82CE8DB0024E6E7000055
:105540000C000020002001F045FA00BF0022D243E9
:1055500014491548006801F08DFF0128F6D1114863
:105560000078022804D004280AD0052818D10FE0BA
:105570000E4801F019F9002801DDFCF7B1F910E03F
:105580000B4801F011F9002801DD00F025F908E0D1
:10559000084801F009F9002801DDFFF739F800E0BB
:1055A00000BFD3E7280000201000002000020020E8
:1055B000040300200804002070B504460D4616467A
:1055C00033462A4621465520FEF71CFE002802D00D
:1055D0000020C04370BD0020FCE770B504460D46B6
:1055E000164633462A4621465520FEF765FF002819
:1055F00002D00020C04370BD0020FCE710B50CA114
:105600000E48FAF7B5FE0EA10C482030FAF7B0FEAE
:1056100017A10A485430FAF7ABFE1EA107482038FC
:10562000FAF7A6FE2D21090104486030816210BD01
:105630006465765F3030303100000000400D00209E
:10564000645767305158686E515735545657457AEC
:1056500056464E50656C4277516B465451575647EB
:105660004E485A6D6156463361586B3D000000004C
:105670007A386B30396A477058352E6D717474738F
:105680002E6163632E636D63636F6E656E65742E4A
:10569000636E00007A386B30396A47705835000005
:1056A00038B500200090012269461848FBF7A2FE99
:1056B000002802D00020C04338BD15490098884218
:1056C0000AD0FFF79BFF00F027F87D20C000FCF711
:1056D000E3FA0020C043EFE732240E4D224629466C
:1056E0000A48001DFBF786FE002802D00020C043B8
:1056F000E2E700200749C877002106482030C1773B
:105700004030C1743430C1740020D5E7000008086F
:10571000A4A3A2A1200D002030B5B3B01048329050
:10572000C82210496846FAF761FD012232A90E48E5
:10573000FBF77CFE002803D00020C04333B030BD0F
:1057400032246D46224629460748001DFBF76EFEAF
:10575000002802D00020C043F0E70020EEE7000060
:10576000A4A3A2A1200D00200000080810B5014646
:105770000022002900D110BD0878302806D14878D1
:10578000782802D04878582800D1891C1EE0087873
:10579000302805DB392803DC0446303CE3B210E056
:1057A000612805DB662803DC0446573CE3B208E0C9
:1057B000412805DB462803DC0446373CE3B200E021
:1057C00007E014011C432246491C00BF087800284A
:1057D000DDD100BF1046CEE710B588B0182102A871
:1057E000FAF754FE002400200190174801884088F1
:1057F000081A00D00124154800F0D6FFC4B2152CB9
:105800001FDB1BE001A9114801F004F8684600798C
:105810002B2803D00D4800F0D7FF0BE0152202A97A
:105820000A4801F026F802A800F03EF9074800F007
:10583000C4FF05E0054800F0B7FFC4B2152CE1DA5B
:1058400000BF08B010BD00000404002004030020C5
:10585000FCF79AFEFEF740FFFBF73CFF1C48FFF702
:105860005DFDFEF7ADFBFEF7C3FFFEF7A5FEFFF7FC
:1058700017FF002000F066FF00F060F8032200210F
:10588000012001F0D9FB13490860002201211020FA
:1058900001F0D2FB10490860104A0021104800F0C6
:1058A00091F810490860104A0021104800F08AF869
:1058B0000F4908600F4A00210F4800F083F80F4994
:1058C00008600F48FDF714FE00F058F800BFFEE72F
:1058D000B00600200C00002010000020B87F000857
:1058E000F954000800000020DC7F0008055500087E
:1058F0000400002000800008455500080800002032
:105900006005002070B50546FFF7E4FD002807D1CB
:10591000FFF7E9FD002806D007480068022802D1F9
:105920000524E44305E00024002D02D0284601F0C0
:1059300001FA204670BD00009400002010B5FFF76A
:10594000C9FD002807D1FFF7CEFD002806D00A4880
:105950000068022802D10524E4430AE006480068F2
:10596000002804D1012004490860002401E000243B
:10597000E443204610BD00009400002010B5FFF75E
:10598000A9FD002807D1FFF7AEFD002806D00C487E
:105990000068022802D10524E4430EE008480068AC
:1059A000012808D100BF00BF02200549086001F0AE
:1059B0007DFA002401E00024E443204610BD0000ED
:1059C00094000020F7B586B0144600200490FFF73D
:1059D00081FD002864D1FFF786FD002803D03148FF
:1059E000006802285CD00698002859D0FF260136AE
:1059F000182500200590471E002C32D02068002872
:105A000001D020680590A069002800D0A569002D6C
:105A100006D0382D04D82079C007C00F002802D046
:105A2000002009B0F0BD6069002801D060698608D7
:105A3000A06800280AD0E0685C2807D32069002805
:105A400004D06069002801D001270BE0A06800287D
:105A500008D1E068002805D12069002802D100277C
:105A600000E00027012F0CD12169A0680095019169
:105A700002903246079B0599069801F0C2FE0490F9
:105A80000EE0002F0CD104A8B2B200950190079B44
:105A90000599069801F084FE012801D000200490A9
:105AA0000498BEE794000020F0B58FB005460026AC
:105AB0000027182108A8FAF7E9FC00240020079025
:105AC000069000BF02E0285D4640641C112CFADB02
:105AD000697C08A80170A97C417000218170FFF7E2
:105AE00045FE0746B74201D00FB0F0BD182108A807
:105AF000FAF7CCFC002403E0285D08A90855641CD3
:105B0000072CF9DB002008A9C87108A800F0FAFEEC
:105B100007900798FBF706FB00220B4B01910090C2
:105B2000FAF794FF0022094B03910290FBF7D6F994
:105B300005910490FAF7A0FD06900698FBF71CFB70
:105B40000349488000BFCFE70000144000005940DF
:105B5000B4000020F0B587B0074600200390049001
:105B600005900024029000BF03E0385D03A90855AA
:105B7000641C0A2CF9DB03A800F0C4FE0290029812
:105B8000FBF7D0FA05460022074BFAF72FFF0191E9
:105B90000090FBF77FF981B2044800784200034887
:105BA0001030815207B0F0BD0000E03FB40000208B
:105BB000F8B50446002600276079A1790902084358
:105BC000074607212046FEF789FC0646B74209D161
:105BD000E078050221790D4303480078410002482E
:105BE0001A304552F8BD0000B4000020F8B5054653
:105BF0000E461748076817480068001D00F08CFF24
:105C0000681C002808D1002E06D012480168091D22
:105C1000114800F0D8FF1AE07C190E480068446073
:105C2000BC4207D20B480168091D0C48006800F00F
:105C3000AFFF0CE007480168091D0948006800F043
:105C4000A7FF08480068844201D206480460F8BDF6
:105C50005800002044000020B81300204C00002011
:105C6000480000207400002010B5044600F0B8FF82
:105C700022480068401C214908602148006800282B
:105C800008D11F4804600846006801280ED100F0C2
:105C9000F9F90BE01B480068002807D11848006894
:105CA000C06AE16A884201D8154804601648006855
:105CB000401C154908600846006860641349E06AA2
:105CC0000968884202D91149E06A08601422E16A31
:105CD00051430F4A8818211D00F075FF00F08EFF18
:105CE00008480068002807D005480068C06AE16AD3
:105CF000884201D200F0D6FF10BD00005400002001
:105D00004400002060000020700000205C000020A3
:105D1000080F002008B500F063FF13480068002852
:105D20001ED1124800F024FF114800F021FF0F4857
:105D3000104908600E481049086000200F4B104AB7
:105D4000102100900A2001F0A4F9074908600846D4
:105D50000068002804D00BA10348006800F0AEFFE3
:105D600000F04CFF08BD000088000020CC1300208C
:105D7000E01300208000002084000020F4130020A5
:105D800044140020546D72510000000010B516E05C
:105D900000F026FF0C48C068C468201D00F0BCFE5F
:105DA0000A480068401E0949086009480068401E0A
:105DB0000749086000F022FF204600F061F804481F
:105DC00000680028E4D110BDA41300205400002076
:105DD0005000002070B504460D46206C00280ED0FF
:105DE000216CE0684118E160A168E068884201D355
:105DF0002168E1602846226CE168FAF7DFFA70BD9D
:105E0000F8B504460F46154600200090A66B206C9E
:105E1000002809D1206800282ED1A06801F0ECFDEF
:105E200000900020A06027E0002D0FD13946226CA1
:105E30006068FAF7C3FA216C606840186060A16876
:105E40006068884218D32068606015E03946226C8B
:105E5000E068FAF7B3FA216CE068411AE160216862
:105E6000E068884203D2216CA068411AE160022DEB
:105E700002D1002E00D0761E701CA0630098F8BDE1
:105E800010B504465920005D002806D1206B00F0B3
:105E9000C9FE204600F0C6FE13E05920005D01282F
:105EA00003D1204600F0BEFE0BE05920005D022821
:105EB00001D1012000E00020002802D172B600BF0D
:105EC000FEE710BD01464A6A002A04D00A6B126838
:105ED0003823981A00E00020704700000146094A64
:105EE00012681268002A01D1012200E000220A6033
:105EF0000A68002A04D1034A1268D268106800E0D8
:105F0000002070478000002030B505239B02174811
:105F10004407640F002C05D0C01DC008C000134CFE
:105F2000041B1B1B0246124C22600024104D6C60A7
:105F3000D0180838C008C0000E4C206000240D4D59
:105F40002D686C600B4D2D682C601146441A4C6016
:105F5000084C24680C60084D4C682C60074D4C6858
:105F60002C600124E407064D2C6030BD9C210020EC
:105F700098000020A0000020A8000020A40000201D
:105F8000AC00002000BFFFF701FF034800680128B4
:105F9000F9D900F087FEF6E7080F0020FFB581B0C1
:105FA00006460D4617460A9C002D01D1246000E0EC
:105FB0002760E66325640121204601F0BAF84C21F0
:105FC0000498085505B0F0BDFFB581B00E460A9F94
:105FD0000C9C039A9100A522206BFAF730FA216BF2
:105FE0000398401E8000081800900098C008C00068
:105FF000009000984007400F002801D1012000E0E8
:106000000020002802D172B600BFFEE7002E11D09A
:10601000002508E0715D204634304155705D002850
:1060200000D102E06D1C102DF4D300BF00214320ED
:10603000015502E0002134200155382F00D33727C5
:10604000E762E76400202065201D00F09EFD2046E9
:10605000183000F09AFD24613820C01BA0616462F2
:1060600000206065002158200155049A019900988C
:1060700000F058FB20600B98002801D00B980460BA
:1060800005B0F0BD10B5002406E0142161430E4AAE
:10609000881800F06DFD641C382CF6D30B4800F016
:1060A00067FD0B4800F064FD0A4800F061FD0A48F6
:1060B00000F05EFD094800F05BFD044808490860F7
:1060C00003480849086010BD080F0020681300202D
:1060D0007C13002090130020A4130020B81300208C
:1060E000480000204C00002010B50146164800E092
:1060F000006803688B42FBD3024643689B188B42BF
:1061000004D143684C681B19436001460A464B683A
:106110009B180468A34211D10C4C03682468A34265
:1061200008D04B68046864681B194B6003681B68DF
:106130000B6005E0054B1B680B6001E003680B601A
:10614000884200D0016010BD98000020A00000200F
:10615000F8B504460D4616461F46002000906560BF
:106160002461B5420CD8F01BA169884202D30120FA
:10617000009011E0211D0948006800F009FD0BE0C6
:10618000BE4204D2BD4202D30120009004E0211D92
:106190000348006800F0FCFC0098F8BD8400002073
:1061A0008000002070B5054600F01AFDA86B00289D
:1061B00001D1012400E0002400F020FD204670BD44
:1061C00070B5054600F00CFDA86BE96B884201D163
:1061D000012400E0002400F011FD204670BD000005
:1061E000F8B505460F4617480068C068C468201D0A
:1061F00000F092FC2820005D04210840002817D000
:10620000A06941192B463A462046FFF7A1FF002816
:1062100014D0002003462A4601460090204601F093
:1062200075FD0646002E02D172B600BFFEE705E0FE
:106230002820005D41084900282001552046216A98
:106240008847F8BD80000020F0B587B090E0039843
:1062500000280ADA04AF002F02D172B600BFFEE7B1
:106260003A68B9687868904700BF039800287FDBD8
:10627000059C6069002801D1012000E00020002871
:1062800002D1201D00F048FC02A800F0D1F805461C
:1062900003980300FFF7D4F80A0A0608353D5907AA
:1062A00009363E6A00BF00BF00BF00BF2820005D66
:1062B00001210843282108550498A2698118034642
:1062C0002A462046FFF744FF002819D02046216ABD
:1062D00088472820005D04210840002810D00020B5
:1062E00000900498A169421800231946204601F045
:1062F0000DFD0646002E02D172B600BFFEE700BFBC
:1063000035E000BF2820005D4108490028200155E4
:106310002DE000BF2820005D0121084328210855F9
:106320000498A061A069002801D0012000E00020AD
:10633000002802D172B600BFFEE7A06941192B46C2
:106340002A462046FFF704FF11E02820005D0221C5
:106350000840002803D1204600F064FC05E0282016
:10636000005D410849002820015500E000BF00BF42
:10637000002203A90448006801F07CF8002800D03E
:1063800065E707B0F0BD000088000020F8B50546BD
:106390000C4600F0DBFD684600F04AF8064600981F
:1063A000002822D1002C08D1B54206D801F0FEFB0E
:1063B00031462846FFF714FF19E0002C08D00C489E
:1063C00000680068002801D1012000E00020044698
:1063D000A91B22460748006800F086FC01F0E6FB96
:1063E000002804D100F05EFC01E001F0DFFBF8BD05
:1063F00084000020880000200B49096809680029F2
:1064000001D1012100E00021002904D00021C9436D
:10641000064A116006E004490968C968C868034A69
:10642000416811607047000048000020740000209F
:1064300070B5044601F03CFA0546074800688542FD
:1064400004D200F021F80120206001E0002020604B
:1064500001480560284670BD9000002010B500205E
:106460000749086188617D21C90006480068FAF77C
:1064700053F8401E024948610720086110BD000022
:1064800000E000E024000020FEB52EE02148006876
:10649000C06805681F480068C068C468201D00F017
:1064A0003BFB2046216A88472820005D04210840E4
:1064B00000281AD0A0694619AE4207D96660246147
:1064C000211D1448006800F063FB0EE00020034625
:1064D0002A4601460090204601F018FC0746002F8E
:1064E00002D172B600BFFEE700BF0A48006800682C
:1064F000002801D1012000E000200028C6D0054876
:106500000068019004480068024908600249019847
:106510000860FEBD8000002084000020074800685D
:10652000401C002801D1012000E00020002802D1F9
:1065300072B600BFFEE772B600BFFEE7B0000020F3
:1065400008B500BF6846FFF7C9FC0446204600991D
:10655000FFF71CFFFFF778FEF4E770B5044600F084
:106560003FFB4520055713E0606A002801D1012058
:1065700000E00020002808D12046243001F0D2FAA3
:10658000002803D000F004FC00E003E0681E45B2E0
:10659000002DE9DC00BF0021C9434520015500F072
:1065A0002DFB00F01DFB4420055713E02069002857
:1065B00001D1012000E0002000280AD1204610303F
:1065C00001F0B0FA002801D000F0E2FB681E45B2ED
:1065D00000E001E0002DE9DC00BF0021C9434420B8
:1065E000015500F00BFB70BDF8B50446002000908B
:1065F00000F0ACFC3E480068002801D1FFF784FCA5
:106600003C4800682040002861D1002C15D0083497
:106610006007400F002810D06007400F0821081ABB
:1066200004196007400F002801D1012000E000207C
:10663000002802D172B600BFFEE7002C47D02E48DA
:106640000068844243D82D4E3046056801E02E464E
:106650002D686868A04202D228680028F7D1244833
:106660000068854233D03068083000902868306078
:106670006868001B102813D92F197807400F0028CD
:1066800001D1012000E00020002802D172B600BF35
:10669000FEE76868001B78606C603846FFF724FDF1
:1066A000154968680968081A1349086008460068AF
:1066B00013490968884203D20F48006810490860EE
:1066C0000C4968680968084368600020286001F088
:1066D0006DFA00984007400F002801D1012000E02A
:1066E0000020002802D172B600BFFEE70098F8BD76
:1066F000A0000020AC000020A40000209800002092
:10670000A800002006480068002806D0044909684F
:1067100008465030096D491C016001480068704707
:1067200044000020001F01231B060360001F0160BE
:10673000001F034B036014380260203870470000CC
:106740001D65000810B504462300FEF779FE060417
:10675000111521191D21104800F049F80F4800F0CB
:1067600046F80F4800F043F80E4800F040F810E0FB
:10677000094800F03CF80CE0084800F038F808E060
:10678000074800F034F804E0064800F030F800E074
:1067900000BF00BF10BD0000FC0000200002002070
:1067A00004030020080400200146FF200130425A63
:1067B000801C405A101AC0B270470022FF210131DC
:1067C0000A52891C0A52704700B50346184600F069
:1067D00015F8002801D0002000BDFF200330C05A6A
:1067E000401CC1B2FF200330C1520120F4E7002257
:1067F000FF2101310A52891C0A5270470146FF20CD
:106800000130425A801C405A824201D10120704717
:106810000020FCE710B503460C461846FFF7EEFFD4
:10682000002801D0002010BDFF200330C05A185CA2
:1068300020700120F7E7F8B503460D4616461846C6
:10684000FFF7B2FF00900098B04201DA009800E034
:1068500030460746FF200330C45A002005E0195D8A
:106860002954611CCCB2411C88B2B842F7DB3846CF
:10687000F8BDF0B503460C4615461846FFF794FFE1
:106880000746AF4201DA384600E0284606460020B7
:106890000EE0FF210331C95A595C2154FF21033115
:1068A000C95A491CC9B2FF220332D152411C88B2D5
:1068B000B042EEDB3046F0BD70B503460E461446DE
:1068C0001846FFF771FFFF21081A85B2AC4200DDC0
:1068D0002C4600200EE0325CFF210131C95A5A5487
:1068E000FF210131C95A491CCAB2FF210131CA52E4
:1068F000411C88B2A042EEDBAC4201D0012070BD49
:106900000020FCE7FEB5044600257F26F6050020A2
:106910000290002700E0641CF9F7A0FC00682178D1
:10692000405CC007C00F0028F5D120782D2802D088
:1069300020782B2805D120782D2801D10120029024
:10694000641C36E0F9F78AFC00682178405C202856
:1069500025D1002F13D01D49304601F06DFA0646AF
:10696000217808463038FAF743FC3146009001F0B0
:1069700063FA2946019001F019FA054618E02178DA
:1069800008463038FAF734FC11490190284601F0E6
:1069900053FA0090019901F009FA054608E02078C1
:1069A0002E2804D1002F00D006E0012700E003E0EC
:1069B000641C20780028C5D100BF0298002802D0AE
:1069C0000120C00745402846FEBD0000CDCCCC3D8F
:1069D0000000204110B50446002201210A20FBF7E7
:1069E00031FE0A20FBF720FE002201210B20FBF7DD
:1069F00029FE0B20FBF718FE002202211B20FBF7CB
:106A000021FE1B20FBF710FE002202211C20FBF7B9
:106A100019FE1C20FBF708FE002202210E20FBF7C6
:106A200011FE0E20FBF700FE2300FEF709FD060411
:106A300013224F31404FFF2201322A492A48FCF7E6
:106A4000C1FE2A4800680068042188432749096874
:106A500008603CE0FF22013225492648FCF7B2FEDF
:106A600025480068006804218843234909680860B4
:106A70002DE0FF22013221492148FCF7A3FE2148E5
:106A800000680068042188431E49096808601EE008
:106A9000FF22013213491448FCF794FE13480068A2
:106AA0000068042188431149096808600FE0FF224B
:106AB000013215491548FCF785FE15480068006845
:106AC0000421884312490968086000E000BF00BF44
:106AD0001048C06AC007C00F002800D110BD00BF19
:106AE000FCE70000E00A0020B0060020500800206B
:106AF000E0080020A0050020C0070020E0090020D9
:106B00002806002008080020E00B0020380700209D
:106B1000980800204000024001460A694B688868D6
:106B200098608B68486858605068884201D18868CE
:106B30005060002008611068401E106010687047A7
:106B4000034B0360034B0B60FF230133136070475B
:106B5000E414002040150020034B0360034B0B603E
:106B600001235B0213607047401900209C1900202C
:106B70000146083141600021C94381600146083166
:106B8000C16001610021016070470021016170470F
:106B900010B502460B685C1C002C01D1106907E09F
:106BA0001046083000E04068446824689C42FAD9E6
:106BB00044684C604C68A160886041600A61146858
:106BC000641C146010BD42684A6093688B609368CF
:106BD00059609160086103685B1C036070470000A6
:106BE00072B605480068401C03490860BFF34F8F28
:106BF000BFF36F8F70470000B000002008480068A6
:106C0000002802D172B600BFFEE705480068401EAA
:106C10000349086008460068002800D162B6704742
:106C2000B000002070B506463546002E35D0083D30
:106C30002C461A49606809680840002801D00120E4
:106C400000E00020002802D172B600BFFEE72068F5
:106C5000002801D1012000E00020002802D172B6F6
:106C600000BFFEE70D49606809680840002814D09D
:106C70002068002811D1094960680968884360606C
:106C800000F064F906496068096840180449086022
:106C90002046FFF729FA00F089FF70BDAC00002004
:106CA000A40000200120000703494860BFF34F8F74
:106CB000BFF36F8F7047000000ED00E010B5024693
:106CC00000200BE0C300074CE358002B05D1C300A4
:106CD000E150C3001B195A6002E0401C0828F1D3A0
:106CE00000BF10BDC80E0020F8B505460E46174679
:106CF0002C46FFF775FF44210857401C002802D19D
:106D000000214420015545210857401C002802D18C
:106D1000002145200155FFF771FFA06B002805D128
:106D20003A4631462046243000F04EF82046FFF720
:106D300014FCF8BD70B504460025002C14D00D4895
:106D40000068002801D1012000E00020002802D1C5
:106D500072B600BFFEE700F0F9F800212046FEF70A
:106D600045FF00F023FF0546002D01D1FFF79AFFF4
:106D700070BD00007C0000200349096801600349E0
:106D800009684160704700006C0000205800002036
:106D900001200149086070476800002070B5044672
:106DA0000D46002C02D172B600BFFEE7054801680F
:106DB00018312046FFF7ECFE01212846FEF716FFAA
:106DC00070BD00004400002070B505460E46144614
:106DD000002D02D172B600BFFEE7074801681831E6
:106DE0002846FFF7F0FE002C01D00026F64321468E
:106DF0003046FEF7FBFE70BD44000020FEB506469F
:106E00000F46344601200090002E48D0206D002807
:106E100002D172B600BFFEE7E06CB84201D23D4637
:106E200000E0E56CE06AA84239D0206D012836D137
:106E30001B480068844201D0012000E000200028A7
:106E400002D172B600BFFEE7E06A0190E562A06978
:106E5000C00FC007002802D13820401BA061616923
:106E60001422019850430F4A8018814201D1012019
:106E700000E00020002812D0201DFFF74DFE0A4937
:106E8000E06A0968884202D90749E06A086014226A
:106E9000E16A5143034A8818211DFFF794FEFEBDA5
:106EA00044000020080F00205C00002010B586B0D0
:106EB00000200590049003AA04A905A8FFF740FE4E
:106EC000002204990598134600920191029018A19E
:106ED0001948039A00F095FC1849086008460068B4
:106EE000002801D0012400E00024012C02D100F090
:106EF000D5FE0446012C0DD172B60020C0431049C6
:106F0000086001200F49086000200F49086000F068
:106F100065F80AE0601C002801D0012000E0002094
:106F2000002802D172B600BFFEE706B010BD000017
:106F300049444C4500000000855F000878000020AF
:106F40007400002060000020580000200248006803
:106F5000401C0149086070477C0000201A48006806
:106F6000002803D00120194908602CE000201749AF
:106F700008601748016805E0002902D172B600BF19
:106F8000FEE7491E14204843124A1058002801D138
:106F9000012000E000200028EED114224A430D4BCE
:106FA000D0184268526842600246083243689342F1
:106FB00002D14268526842604268D268064B1A6049
:106FC0000348016000BF70477C000020680000207B
:106FD0005C000020080F00204400002010B50B4882
:106FE000006AFF2109040843084908620846006A4C
:106FF000FF210906084305490862FFF72FFA002020
:1070000003490860F9F7B6F8002010BD00ED00E074
:10701000B000002010B5F9F7C1F8044600F04EFCAE
:10702000002803D001200007024948602046F9F7F4
:10703000B9F810BD00ED00E0F7B582B005460E4688
:10704000002D01D0012000E00020002802D172B6FE
:1070500000BFFEE7002E01D1002701E02F46774355
:1070600038465030FFF7C0FA0446002C0ED0019489
:10707000019C20465030019000214620015500948B
:1070800031462846049B019AFEF788FF204605B04A
:10709000F0BDFFB581B00E4617461D460198002889
:1070A00001D0012000E00020002802D172B600BF0C
:1070B000FEE7002D01D0012000E00020002802D1D1
:1070C00072B600BFFEE7002F01D0002E01D00120D4
:1070D00000E00020002802D172B600BFFEE7002FBA
:1070E00001D1002E01D1012000E00020002802D1B2
:1070F00072B600BFFEE7502000900098502801D1E2
:10710000012000E00020002802D172B600BFFEE797
:1071100000BF2C46002C09D00121462001550094C7
:107120003A4631460A9B0198FEF738FF204605B0E3
:10713000F0BD70B505460E462C46002C02D172B645
:1071400000BFFEE7FFF74CFD216CE06B4843216870
:107150004018A0600020A06320686060E06B401EC3
:10716000216C484321684118E1600021C943442053
:10717000015545200155002E10D12069002801D16C
:10718000012000E00020002810D12046103000F03F
:10719000C9FC00280AD0FFF785FD07E02046103023
:1071A000FFF7E6FC20462430FFF7E2FCFFF726FD60
:1071B000012070BDFFB583B006461D460020029039
:1071C0003446002C02D172B600BFFEE704980028B6
:1071D00002D1206C002801D1012000E0002000280D
:1071E00002D172B600BFFEE7022D02D1E06B01288A
:1071F00001D1012000E00020002802D172B600BFBA
:10720000FEE700F043FB002802D10598002801D1D9
:10721000012000E00020002802D172B600BFFEE786
:1072200000BFFFF7DDFCA06BE16B884201D3022DAC
:107230001FD12A4620460499FEF7E2FD0746606A00
:10724000002801D1012000E00020002808D12046BC
:10725000243000F067FC002806D0FFF723FD03E090
:10726000002F01D0FFF71EFDFFF7C8FC012007B07B
:10727000F0BD0598002803D1FFF7C0FC0020F6E719
:107280000298002804D16846FFF776FD012002909D
:10729000FFF7B4FCFFF75AFEFFF7A2FC44210857A2
:1072A000401C002802D100214420015545210857E7
:1072B000401C002802D1002145200155FFF79EFC0B
:1072C00005A9684600F032FA002819D12046FEF7D9
:1072D00077FF00280ED0204610300599FFF75EFD9D
:1072E0002046FFF73AF900F061FC002899D1FFF73A
:1072F000D9FC96E72046FFF730F900F057FC90E7FD
:107300002046FFF72AF900F051FC0020AFE7FFB557
:1073100083B0064617461D463446002C02D172B68D
:1073200000BFFEE70498002802D1206C002801D19C
:10733000012000E00020002802D172B600BFFEE765
:10734000022D02D1E06B012801D1012000E00020D4
:10735000002802D172B600BFFEE7F8F71FFF0190C8
:10736000A06BE16B884201D3022D26D14520015745
:1073700000912A4620460499FEF742FD0098401CE1
:10738000002812D1606A002801D1012000E000200D
:1073900000280FD12046243000F0C4FB002809D07B
:1073A000002F07D00120386004E00098401C41B253
:1073B000452001550120029001E000200290019833
:1073C000F8F7F0FE029807B0F0BDFEB505460E4690
:1073D0002C46002C02D172B600BFFEE7206C0028BC
:1073E00001D1012000E00020002802D172B600BFC8
:1073F000FEE72068002802D1A068002801D1012002
:1074000000E00020002802D172B600BFFEE7F8F7C6
:10741000C5FE0290A06B0190E16B0198814223D9D7
:107420004520015700910198401CA0630098401C22
:10743000002812D1606A002801D1012000E000205C
:1074400000280FD12046243000F06CFB002809D022
:10745000002E07D00120306004E00098401C41B2AB
:1074600045200155012700E000270298F8F79AFE11
:107470003846FEBDF7B584B005460E4600200390A1
:107480002C46002C02D172B600BFFEE7002E02D1BE
:10749000206C002801D1012000E00020002802D14A
:1074A00072B600BFFEE700F0F1F9002802D106989D
:1074B000002801D1012000E00020002802D172B68E
:1074C00000BFFEE700BFFFF78BFBA76B002F1AD0B2
:1074D00031462046FEF77EFC781EA0632069002816
:1074E00001D1012000E00020002807D12046103003
:1074F00000F018FB002801D0FFF7D4FBFFF77EFB5C
:10750000012007B0F0BD0698002803D1FFF776FBF5
:107510000020F6E70398002804D101A8FFF72CFC0F
:1075200001200390FFF76AFBFFF710FDFFF758FB00
:1075300044210857401C002802D100214420015555
:1075400045210857401C002802D100214520015543
:10755000FFF754FB06A901A800F0E8F8002819D1AC
:107560002046FEF71FFE00280ED020462430069944
:10757000FFF714FC2046FEF7F0FF00F017FB002891
:10758000A1D1FFF78FFB9EE72046FEF7E6FF00F054
:107590000DFB98E72046FEF7E0FF00F007FB2046D2
:1075A000FEF700FE00288ED00020AAE7F3B583B0D6
:1075B0000546002002902C460026002C02D172B60F
:1075C00000BFFEE7206C002801D1012000E0002070
:1075D000002802D172B600BFFEE700F057F900287C
:1075E00002D10498002801D1012000E000200028E9
:1075F00002D172B600BFFEE700BFFFF7F1FAA76B3A
:10760000002F1CD0781EA0632068002802D1FFF74D
:1076100079F8A0602069002801D1012000E0002055
:10762000002807D12046103000F07CFA002801D055
:10763000FFF738FBFFF7E2FA012005B0F0BD049830
:1076400000280DD1002E01D1012000E000200028EB
:1076500002D172B600BFFEE7FFF7D0FA0020ECE7D8
:107660000298002804D16846FFF786FB01200290AB
:10767000FFF7C4FAFFF76AFCFFF7B2FA4421085794
:10768000401C002802D10021442001554521085703
:10769000401C002802D1002145200155FFF7AEFA19
:1076A00004A9684600F042F8002824D12046FEF7DD
:1076B00079FD002819D02068002807D1FFF790FA3B
:1076C000A06800F0DDF90646FFF798FA204624305E
:1076D0000499FFF763FB2046FEF73FFF00F066FAD0
:1076E00000288AD1FFF7DEFA87E72046FEF735FF4C
:1076F00000F05CFA81E72046FEF72FFF00F056FA13
:107700002046FEF74FFD0028EED0002E0BD0FFF7ED
:1077100067FA2046FEF7D6FB07463946A068FFF712
:107720006DFBFFF76BFA002087E7000070B5054698
:107730000C46002D02D172B600BFFEE7002C02D12C
:1077400072B600BFFEE7FFF74BFA1348026868689D
:10775000131A2068401C002801D1002617E00F49A9
:1077600028680968884204D06868904201D80126D8
:107770000DE02068984207D92068C01A206028468A
:10778000FFF7FAFA002602E0002020600126FFF74A
:1077900035FA304670BD0000580000206C00002013
:1077A000FFB585B01746B800FEF71EFF0646002E4F
:1077B0000BD05C20FEF718FF0446002C01D0266396
:1077C00004E03046FFF72EFA00E00024002C13D02E
:1077D00000215920015500220F990E986B4613C3C2
:1077E00003923A46089B06990598FEF7EDFB204662
:1077F000FEF73AFA012501E00025ED43284609B0DD
:10780000F0BDFFB585B00E9F0F9E109C002E01D0DD
:10781000012000E00020002802D172B600BFFEE780
:10782000002C01D0012000E00020002802D172B617
:1078300000BFFEE75C20039003985C2801D1012083
:1078400000E00020002802D172B600BFFEE700BFB2
:10785000002C15D0002E13D025462E6302212C4675
:1078600059204155002004A90097029501910390E9
:1078700005A80FC8FEF7A8FB2846FEF7F5F901E0BA
:1078800000200490049809B0F0BD00000649096882
:10789000002901D1012006E004490968002901D12D
:1078A000022000E000207047600000207C000020E3
:1078B000014908687047000058000020F8B5002012
:1078C000009042480068002872D141480068451C79
:1078D0003F480560002D1CD13E4800680068002824
:1078E00001D1012000E00020002802D172B600BFC3
:1078F000FEE7384807683848006836490860364867
:10790000076036480068401C34490860FEF774FD83
:1079100000BF3348006885423DD300BF2D48006852
:107920000068002801D1012000E00020002804D0D8
:107930000020C0432A4908602CE026480068C0683F
:10794000C4686668B54202D22548066022E0201D60
:10795000FFF7E2F8A06A002803D020461830FFF7AE
:10796000DBF82049E06A0968884202D91D49E06ACB
:1079700008601422E16A51431B4A8818211DFFF751
:1079800022F91A49E06A0968C96A8842C6D3012007
:107990000090C3E700BF15480068C06A142148433F
:1079A00011490858012801D90120009005E0FFE79E
:1079B0000F480068401C0E4908600E480068002807
:1079C00001D0012000900098F8BD00007C0000204C
:1079D00058000020480000204C0000206C000020CF
:1079E000740000205C000020080F002044000020EC
:1079F000640000206800002070B505462C46002673
:107A0000002D35D01B480068844201D1012000E0E0
:107A10000020002802D172B600BFFEE7206D0028CA
:107A200002D172B600BFFEE7206D401E2065E16CFA
:107A3000E06A88421CD0206D002819D1201DFFF774
:107A40006BF8E06CE0623821E06A081AA0610A492C
:107A5000E06A0968884202D90749E06A086014228E
:107A6000E16A5143054A8818211DFFF7ACF8012649
:107A7000304670BD440000205C000020080F00204C
:107A800070B505462C460026002D42D02249E06AFA
:107A90000968C96A884235D2A069C00FC0070028AA
:107AA00005D11D480068C06A3821081AA061142257
:107AB000E06A5043194A80186169814201D101206E
:107AC00000E00020002817D0201DFFF725F81248FD
:107AD0000068C06AE0621249E06A0968884202D917
:107AE0000F49E06A08601422E16A51430B4A881882
:107AF000211DFFF768F803E007480068C06AE062EC
:107B0000012606E00449E06C0968C96A884200D28F
:107B10000126304670BD000044000020080F002000
:107B20005C00002070B50646F068C468002C02D1E5
:107B300072B600BFFEE720461830FEF7EDFF15488D
:107B40000068002813D1201DFEF7E6FF1249E06A05
:107B50000968884202D91049E06A08601422E16A83
:107B600051430E4A8818211DFFF72DF804E02146E5
:107B700018310B48FFF727F80A49E06A0968C96A13
:107B8000884204D9012501200749086000E000254A
:107B9000284670BD7C0000205C000020080F0020FB
:107BA00090130020440000206800002070B50024DD
:107BB000002632480068002802D172B600BFFEE7F6
:107BC000FFF70EF82D480068401E2C490860084653
:107BD000006800284DD12A480068002849D022E0DA
:107BE0002848C068C46820461830FEF795FF201D5D
:107BF000FEF792FF2449E06A0968884202D92249C7
:107C0000E06A08601422E16A5143204A8818211D65
:107C1000FEF7D9FF1E49E06A0968C96A884202D3A3
:107C200001201C49086017480068002801D1012084
:107C300000E000200028D3D0002C01D0FEF7DCFBB0
:107C400015480568002D0DD000BFFFF737FE00284E
:107C500002D001200F4908606D1E002DF5D10020D3
:107C60000D4908600B480068002802D00126FFF784
:107C700019F8FEF7C3FF304670BD00007C000020FD
:107C800054000020901300205C000020080F00200A
:107C900044000020680000206400002010B586B079
:107CA0000024FEF737F81448006800281BD0002095
:107CB0000590049003AA04A905A8FEF74DFF02222F
:107CC0000499059800230092019102900BA10D48A0
:107CD000039AFFF796FD0C490860084600680028E3
:107CE00000D0012400BF002C02D172B600BFFEE715
:107CF000204606B010BD000088000020546D7220A0
:107D000053766300416500088C000020F0B585B013
:107D100004460D4616461F4600200490002C02D152
:107D200072B600BFFEE715480068002822D0009513
:107D300001960294062D15DAFFF7A8FD022808D156
:107D4000002369460D480A9A0068FFF733FA049049
:107D500010E000231A46694608480068FFF72AFA2F
:107D6000049007E000233A46694604480068FFF79C
:107D7000CEFA0490049805B0F0BD00008800002001
:107D800010B500290AD00878002807D005487844A3
:107D9000F8F77EFB002801D0002010BD024878448F
:107DA00010BD00007A0300007203000070B50125C9
:107DB0000400ED074C4020D4441A01D2001B0919DD
:107DC000C60D4B00F2B2FF2A29D01B0E2CD00002A8
:107DD0000C02D31A2C43DC402843051910D2280A80
:107DE00002D3401C6D0611D0761EF6058019FF2ABD
:107DF00000DA70BDC00DC00570BD694000F07AF8B2
:107E000001200543C541521C761CE8E764089C40EC
:107E1000C90161408900E7D10124A043E4E71B0EBA
:107E2000440200D0034870BD002AFCD1C00FC00737
:107E300070BD00BF0000C07F70B5420064414B00C0
:107E40005C41120E39D01B0E38D0FF2A3CD0FF2BDC
:107E50003AD040024902400A490A060045184E43FA
:107E6000000A090AD2184843ED017F3A0104731A47
:107E70004019190C4318990F04D001215B084907D8
:107E80005B1A521CD80904D3401CF50301D19D068E
:107E900007D0FF2A08D2D50506D0E40720434019B1
:107EA00070BD0125A843F4E7002A01DCE00770BD9E
:107EB0002402FF202043C00570BD1B0EFF2A03D003
:107EC000FF2B01D0E00770BDFF2645003606B54206
:107ED00006D84D00B54203D8D218FF2A00D0E7E7F4
:107EE000004870BD0000C07F70B501250400ED079B
:107EF0004C4022D4441A02D26C40001B0919C60D12
:107F00004B00F2B2FF2A4BD01B0E50D000020C02E5
:107F1000D31A2C43DC40A843051B05D5AD0019D36B
:107F20006D08761E521E37D0F605280A01D2801938
:107F300070BD70416D0603D070BD6940FFF73CFF16
:107F40009C4009026140490001D0401E70BD0124DF
:107F5000A04370BD6D081DD001202B0C01D12D0454
:107F600010302B0E01D12D0208302B0F01D12D0125
:107F7000001DAB0F01D1AD00801CEB0F01D16D00D6
:107F8000401C6D00361A121A680AF5054019012ABC
:107F900002DB70BD002070BDC036300AC00770BD66
:107FA0001B0E440201D1FF2B00D1024870BD002AF4
:107FB000F0D070BD0000C07FC88000080000000045
:107FC00000000000000000000000000000040000AD
:107FD000100000000000000000000000DC8000082D
:107FE0000000000000000000000000000000000091
:107FF0000004000018000000000000000000000065
:10800000D080000800000000000000000000000018
:108010000000000000080000200000000000000038
:108020000000000000000000000000000102030446
:108030000607080900000000010203040304060803
:108040000C1018203080807F7E7D7C7B7A79787759
:108050007676757473727171706F6E6E6D6C6C6B19
:108060006A6A6968686766666564646363626161B9
:1080700060605F5F5E5E5D5D5C5C5B5B5A5A595938
:1080800058585757565655555554545353525252A3
:1080900051515050504F4F4F4E4E4D4D4D4C4C4CFA
:1080A0004B4B4B4A4A4A4949494848484747474742
:1080B000464646454545444444444343434342427F
:1080C00042424141410000006E65745461736B008F
:1080D000756172745461736B00000000736C6F778C
:1080E0005461736B0000000018820008000000203B
:1080F000B400000004010008CC820008B400002095
:108100004C3B00002001000810010000430000006B
:10811000F8FFFFFF004040404040404040404141A8
:10812000414141404040404040404040404040404C
:1081300040404040400502020202020202020202E6
:1081400002020202022020202020202020202002E3
:108150000202020202029090909090901010101073
:10816000101010101010101010101010101010100F
:1081700002020202020288888888888808080808A3
:10818000080808080808080808080808080808086F
:108190000202020240000000000000000000000097
:1081A00000000000000000000000000000000000CF
:1081B00000000000000000000000000000000000BF
:1081C00000000000000000000000000000000000AF
:1081D000000000000000000000000000000000009F
:1081E000000000000000000000000000000000008F
:1081F000000000000000000000000000000000007F
:10820000000000000000000000000000000000006E
:10821000000000000000000000000000000000005E
:10822000000000000000000000000000000000004E
:10823000000000000000000000000000000020001E
:10824000000000000000000000000000000000002E
:108250000000000004000000010000000000000019
:10826000000000000000000000000000000000000E
:1082700000000000000000000000000000000000FE
:1082800000000000000000000000000000000000EE
:1082900000000000000000000000000000000000DE
:1082A00000000000000000000000000000000000CE
:1082B00000000000000000000000000000000000BE
:0C82C0000000000000000000AAAAAAAA0A
=======
:10000000F81C002015020008B5930008D9820008EA
:1000100000000000000000000000000000000000E0
:10002000000000000000000000000000BD96000875
:100030000000000000000000A5940008C997000817
:100040002702000827020008F5950008270200088B
:10005000270200082702000827020008314B000889
:100060000000000027020008514900086949000803
:10007000270200082702000889A6000827020008B6
:1000800075980008270200082702000800000000F9
:10009000270200082702000827020008270200089C
:1000A00027020008270200082702000865A40008AC
:1000B00079A50008270200080000000000000000E9
:1000C00000F002F800F07AF80CA030C808382418C4
:1000D0002D18A246671EAB4654465D46AC4201D180
:1000E00000F06CF87E460F3E0FCCB6460126334238
:1000F00000D0FB1AA246AB4633431847B0E10000DC
:10010000D0E10000103A02D378C878C1FAD852077B
:1001100001D330C830C101D504680C6070470000BD
:100120000023002400250026103A01D378C1FBD813
:10013000520700D330C100D50B60704710B5672956
:1001400002D10DF04BFF10BD03681B0A01D38023C1
:100150001943642902D100F04FFA10BD782902D169
:1001600000F0B8FA10BDE42902D100F07BFA10BD0E
:10017000632902D102F028F810BD732902D102F0E0
:100180002BF810BD002010BD1FB50098019901F09B
:100190000CFD01F0E9FC0400002000210DF0F2FC50
:1001A000401C6060002000210DF002FDE06002F0C4
:1001B00059FB1FBD10B502F0C1FB10BD03F067FB7A
:1001C0001146FFF7E1FF0BF085FD03F0B1FF03B42B
:1001D000FFF7F0FF03BC04F02BF8000070B50546F4
:1001E0000C46164602E00FCC0FC5103E102EFAD278
:1001F000082E02D303CC03C5083E042E07D301CC3E
:1002000001C5361F03E021782970641C6D1C761E21
:10021000F9D270BD0748804707480047FEE7FEE770
:10022000FEE7FEE7FEE7FEE704480549054A064B00
:100230007047000071980008C1000008F8160020FF
:10024000F81C0020F8180020F818002010B501F064
:100250008BFC001D10BD00BF2DD9000070B50646F7
:1002600001F07EFC056830460B30C408E400B4425F
:1002700001D8002070BD68682A46002818D001689F
:10028000A14211D30B46214608318B4208D3436863
:1002900001194B6003681B1B0B605160046001E097
:1002A00041685160001D70BD024640680028E6D1DB
:1002B0002146284601F064FC0028DCD170BD70B5F1
:1002C0000446051F01F04CFC0068002C1AD044685D
:1002D00001E020466468002C01D0AC42F9D30168EB
:1002E0000A18AA4204D12A6805468918016000E06C
:1002F000456028684119A14205D16168696021689B
:100300004018286070BD6C6070BD70B50D46064623
:10031000041F01F025FC0268002D09D0002E0CD02E
:1003200028460B30C108C900A9420AD2002070BD7E
:100330003046FFF7C4FF002070BD2846FFF78EFF50
:1003400070BD23688B4208D35A1A082A25D3601837
:1003500004C02160FFF7B3FF1FE0506801E00246D0
:100360004068002801D0A042F9D31D19854216D15A
:1003700005685B198B4212D35D1A082D0AD34568B4
:1003800063185D60256800682818401A18602160AD
:10039000536002E0236040685060201D70BD081F5C
:1003A000FFF75CFF050007D02268211D121FFFF731
:1003B00015FF201DFFF783FF284670BDFEB50546DB
:1003C00010460C46184373D0AE468C460020AD1A3A
:1003D00001469C4167D36646002701243D46B61A74
:1003E0009D4102D313463A462124654676462F04A2
:1003F000360C3E432D0CB61A9D4104D3150C1B043C
:100400002B4312041034654676462F06360A3E43C7
:100410002D0AB61A9D4104D3150E1B022B4312025E
:100420000834654676462F0736093E432D09B61A2D
:100430009D4104D3150F1B012B431201241D65465A
:100440007646AF07B6083E43AD08B61A9D4104D3C1
:10045000950F9B002B439200A41C65467646EF0740
:1004600076083E436D08B61A9D411AD392185B4137
:10047000641C16E00018764665464941B71A9D414E
:100480000191009009D36046B11A98418E46844686
:10049000009801990025401C6941DD0752082A4354
:1004A0005B08641EE6D57246634603B0F0BDFFE705
:1004B00000200146C046C0462A462346F5E710B54F
:1004C0000446FFF7C3FE0068005DC00602D5204663
:1004D000203010BD204610BD0FB4014610B504AA4F
:1004E000039801F07DFE10BC08BC04B01847000062
:1004F0000FB41CB5084B06AA7B44694600900598CA
:1005000001F037FE04460020694601F045FE204612
:100510001CBC08BC04B018479D1C00000FB47CB57F
:100520000C0009AA009001D00019401E094B7B4421
:1005300069460190089801F01CFE002C054603D086
:100540006946002001F028FE28467CBC08BC04B0A7
:1005500018470000711C000070B5044685690068EA
:10056000C10601D5302600E02026C00707D070BDA7
:1005700062683046A1689047206A401C20626D1E68
:10058000F6D570BD70B5044685690078C00707D1FF
:1005900070BD6268A16820209047206A401C2062DC
:1005A0006D1EF6D570BD70B50C460546012A05D006
:1005B0002878800600D5EA69002302E0012305E0DF
:1005C0005B1C934202D2E05C0028F9D1A869E618CE
:1005D000C01AA861286AC01828622846FFF7BCFF25
:1005E00004E06A682078A968641C9047B442F8D394
:1005F0002846FFF7C7FF70BDF7B5002575291068BD
:10060000009914A611D0C046C046002802DA404224
:1006100011A608E0009909688A0701D50FA602E033
:10062000490704D50EA6012501E0C046C046009F3B
:100630000024243704E002F0B3F930313955641C4A
:100640000028F8D12B4632462146009801F029FBBC
:10065000FEBD0000000000002D0000002B00000087
:1006600020000000F7B5D21D0025D20815A6D20043
:10067000F52905CA11D0002A05DA0021404291412E
:1006800011A60A4608E0009909688B0701D50FA654
:1006900002E0490701D50EA601251146009F00245E
:1006A000243704E001F0B5FA30323A55641C0246B2
:1006B0000A43F7D12B4632462146009801F0F1FA61
:1006C000FEBD0000000000002D0000002B00000017
:1006D0002000000070B504460D4621461068C04653
:1006E000C0462188090502D50F4A7A4402E00E4A25
:1006F0007A440E3223460021243305E00607000920
:10070000360F965D5E54491C0028F7D120780023EF
:10071000000705D5702D03D0002901D00223113226
:10072000204601F0BEFA70BDE2D90000F3B50446E0
:10073000002081B020622046E1688847002872D0FE
:10074000252802D06268A168ABE0594F00267F449B
:100750002046E16888472028054608DB312D06D26F
:10076000781920380078002801D00643F0E7B00758
:1007700001D5042086430020E0610746A0612A2DB0
:100780000AD028460AF087F9002827D0B8000019B7
:10079000303D0090856119E00298BA00121902C834
:1007A000916102902046E1688847012F054617D1E4
:1007B000E06900281FDA202086431CE000980A2107
:1007C0008069484300994019303888612046E168C3
:1007D000884705460AF05FF90028EFD1012F0AD0BB
:1007E0002E2D08D12046E168884705462020064383
:1007F0007F1C022FC3DBA069002803DA4042A061FE
:1008000001200643F00701D0102086436C2D0BD049
:10081000682D09D04C2D3CD06A2D38D0742D38D09D
:100820007A2D36D016E040E0E1682F462046884712
:10083000B842054609D16C2F29D001208002E16819
:10084000064320468847054604E06C2F1DD0FF2054
:1008500001300643002D28D028464138192803D8F6
:100860000120C00206432035204626602946029A10
:100870001646FFF763FC002810D001280BD0F61DA8
:10088000F008C0000830029055E74020E1E78020E2
:10089000D5E70020D3E7361D02964CE7626828466C
:1008A000A1689047206A401C44E7206AFEBD000012
:1008B000A6D900000FB400B58DB010A909900B9017
:1008C0000020C04300910A9000200C900748784413
:1008D0000690074878446A4607900F9909A801F0E6
:1008E00001FF0DB008BC04B018470000371E00001F
:1008F000511E000070B5064601F03AF9046805463D
:1009000030460A22002101F075FF2C6070BD401EA8
:10091000CAB24178401C8A4202D00029F9D1002095
:10092000704730B505460B462A461C781078521C95
:100930005B1C002801D0A042F7D0002C03D0002877
:1009400002D06D1CEFE7284630BD0000034670B5AD
:1009500002460B439B070FD10E4CE60100E008C294
:1009600008C91D1B9D433542F9D0D9B21170521CE4
:1009700000290DD01B0AF8E70B78491C1370521C94
:10098000002B05D00B78491C1370521C002BF3D19F
:1009900070BD0000010101010022CBB20178401CB2
:1009A000994200D1421E0029F8D11046704700003C
:1009B00030B5441C03E00178401C00290DD08107AC
:1009C000F9D10B4BDD0104C8D11A91432940FAD06B
:1009D000001B0A0603D0C01E30BD001B30BD0A0438
:1009E00001D0801E30BD0902FCD0401E30BD000089
:1009F000010101010346F0B50B439B072DD1244DA6
:100A0000EF01042A29D308C810C95E1B9E43121F98
:100A10003E4017D0D8B2E1B2401A3106014310D19E
:100A200098B2A1B2401A310401430AD1180221023E
:100A3000000A090A401A3102014302D1180E210EA0
:100A4000401AF0BDA342DCD018BA21BA884201D9BD
:100A50000120F0BD0020C043F0BD002A01D10020DC
:100A6000F0BD03780C78401C491C002B0DD0A3422C
:100A70000BD1521E09D003780C78401C491C002B66
:100A800003D0A34201D1521EEBD1181BF0BD0000D0
:100A900001010101F8B5042A2CD3830712D00B7889
:100AA000491C0370401C521E83070BD00B78491C55
:100AB0000370401C521E830704D00B78491C03703E
:100AC000401C521E8B079B0F05D0C91ADF00202344
:100AD000DE1B08C90AE0FFF781FBF8BD1D4608C907
:100AE000FD401C46B4402C4310C0121F042AF5D20E
:100AF000F308C91A521EF0D40B78491C0370401C2D
:100B0000521EEAD40B78491C0370401C012AE4D41D
:100B100009780170F8BD01E004C0091F0429FBD267
:100B20008B0701D50280801CC90700D00270704776
:100B300000290BD0C30702D00270401C491E0229B5
:100B400004D3830702D50280801C891EE3E70022BC
:100B5000EEE70022DFE70000F8B507460B4639460E
:100B60001943890713D1164CE601042A0FD302CB8F
:100B70000D1B8D43354202D102C0121FF5E7CBB2E7
:100B80000370401C521E002B13D0090AF7E7002AFD
:100B900014D01978521E5B1C0170401C002908D02B
:100BA000002A0BD01978521E5B1C0170401C0029D2
:100BB000EDD1002A02D01146FFF7C9FF3846F8BD33
:100BC00001010101024670B50A4392072AD11E4D68
:100BD000EE0104C808C9541B9443344017D0D0B266
:100BE000D9B2401A2106014310D190B299B2401AED
:100BF000210401430AD110021902000A090A401A0D
:100C00002102014302D1100E190E401A70BD9A4202
:100C1000DFD010BA19BA884201D9012070BD002076
:100C2000C04370BD02780B78401C491C002A09D0D3
:100C30009A4207D102780B78401C491C002A01D047
:100C40009A42EFD0D01A70BD0101010100220309C0
:100C50008B422CD3030A8B4211D300239C464EE0D7
:100C600003460B433CD4002243088B4231D3030993
:100C70008B421CD3030A8B4201D394463FE0C30945
:100C80008B4201D3CB01C01A524183098B4201D35D
:100C90008B01C01A524143098B4201D34B01C01A48
:100CA000524103098B4201D30B01C01A5241C308C0
:100CB0008B4201D3CB00C01A524183088B4201D32F
:100CC0008B00C01A524143088B4201D34B00C01A1B
:100CD0005241411A00D201465241104670475DE030
:100CE000CA0F00D04942031000D3404253400022B3
:100CF0009C4603098B422DD3030A8B4212D3FC225C
:100D0000890112BA030A8B420CD3890192118B42DA
:100D100008D3890192118B4204D389013AD09211F0
:100D200000E08909C3098B4201D3CB01C01A5241AB
:100D300083098B4201D38B01C01A524143098B4274
:100D400001D34B01C01A524103098B4201D30B015D
:100D5000C01A5241C3088B4201D3CB00C01A524182
:100D600083088B4201D38B00C01A5241D9D2430869
:100D70008B4201D34B00C01A5241411A00D20146A6
:100D8000634652415B10104601D34042002B00D510
:100D90004942704763465B1000D3404201B50020D2
:100DA000C046C04602BD7047704770470246C80F34
:100DB000C00781434B0030B54B405B009B0D20D0FA
:100DC0001923DB06C91801231B05994220DB0324E4
:100DD000A40704251346AB400BD3002B04D1EB062C
:100DE00013409B00E34204D401246407002312193A
:100DF0005941FF231B0599420BD2C9000143500FF3
:100E000009E0CB0204D501430803024305D005489D
:100E100030BDFF21C905084330BD0846072109053B
:100E2000884330BD0000C07FF0B50C46871A9C4156
:100E30000D46861A9D4103D2C01BA141D2196341C0
:100E40000D0D1F0DC94EEC1BAE435CD07F057F0D11
:100E50000026002F51D02D05AC46A943DD02012309
:100E6000ED0A1B051D4320231B1B24D41746E74016
:100E7000381871412F46E740CC199D40281831465B
:100E800061410C0D27D161449A4013D50023401CC9
:100E9000594152000ED14008400001224B0052053A
:100EA000D34207D305204007C14201D5B04900E035
:100EB000B0493046F0BD6B00002A00D001229A18DC
:100EC0001F23203C1B1B01D5002302E0E54028180E
:100ED00071410C0DD7D0012424050919C407CD0791
:100EE00040084908E40F28436144002CD5D0002471
:100EF000401C61419A40D0D1CDE76A05520DD9D14D
:100F0000C90FC907D5E79C4D4E00002801D0012428
:100F100000E0002434195F00002A01D0012600E01F
:100F20000026BE19954FAC420CD8AE420AD8B44246
:100F300006D001256D05EC42BCD010461946F0BD27
:100F40009942FCD000203946F0BDF0B51FB40C46E4
:100F50000F46811A9F412546861A9D4106D20125DA
:100F6000ED076F40401ABC4152187B41210D1E0D08
:100F70008D1BAC467D4D8D437ED075056D0D7CD0AF
:100F80000D05AE46AC431B031B0B794D52429D41F0
:100F9000202366469B1B14D31746F74038180026BB
:100FA0000090744160462F460741E41900989D4027
:100FB0002818664116D4714671189A4025D5012328
:100FC00020E093182A466A415200002B00D0521CA0
:100FD0001E23203E9B1B002B61DD3541EE17281898
:100FE0006641E8D5001876415B1C9A4000D3401C4E
:100FF0004B05F3181524E34010D3002B52D0714653
:101000007118D30FC01802D3491C05B0F0BD0123DD
:10101000DB079A42F9D140084000F6E70122520569
:10102000B21801D1002853D00123CC0ADB02994326
:10103000891E002A08D1020C03D0020C00041039CA
:1010400002E00246002020390023550B05D1120290
:101050000823550B01D152010D23550C01D112016A
:101060001B1DD50C01D192009B1C150D01D1520006
:101070005B1C2025EE1A01E02CE022E00546F5403D
:1010800015439840CA1AE10769181305C918002AC0
:10109000BBDA032040070818C10FC9070FE07146EB
:1010A0006118B2E7F10740080843711071444A0023
:1010B0000CD001235B059A42A7D2C90FC9070020B3
:1010C000A3E74905490D26D1002001E00028F4D10D
:1010D00000219AE7284D6600002801D0012100E098
:1010E000002171185F00002A01D0012600E00026CF
:1010F000BE19224FA94210D8AE420ED8B14208D034
:1011000001256D05E94206D01946A8024140104666
:101110007BE79C4201D0214677E70020394674E7FF
:1011200010B50C465C4005D50124E4076340FFF789
:101130000CFF10BDFFF778FE10BD30B40C465C40CC
:1011400004D50124E407634030BC6DE630BCFCE606
:1011500070B50124E40761400D465D4002D4FFF7FD
:1011600063FE70BD6340FFF7F0FE70BDFF07000037
:101170000000F0FF0000F07F0000E0FF0000F87FBB
:10118000F0B5F94D0C091E092C402E402F468BB0AE
:10119000A7437DD0B543FCD0002E7AD0002CFCD0E4
:1011A0000D465D40ED0F2543AC1BFF25AD046419D2
:1011B0000894C502440DC9022143500DDC020443CA
:1011C0000120C00701430443D2020191200C110CFD
:1011D00000958C46010423468B430A91614609041D
:1011E000E24D8A430991010A7D4449198039097801
:1011F00005464D4301266D18F605751B6943C90C5C
:10120000640B891C4C436418B5012C1B250C2E045F
:10121000B4434C434D43210C691889090591009D45
:10122000E90701D00121C90704912C4601996708FB
:10123000CD072F434C08059DE10B4D432D0C29464E
:101240006646754302950D4645432E46029D7D1B1D
:10125000B44100950D465D4301942C0C2F040D46BE
:101260005543AE462D0C3D43029503947546049CB0
:101270002D04641B049406D2029C039D641C00266A
:1012800075410395029401AC70CC009F7D1B01E079
:101290003EE162E1B441090400950791019405998A
:1012A000A4086143090C0C464443650BE7040C4653
:1012B00066467443A646640B3C4303950294744609
:1012C000049DE4042C1B049406D2029C039D641C20
:1012D000002675410395029401AC70CC009F7D1BE4
:1012E000B44101940C465C430095650FE7000C4641
:1012F0005443A646640F3C43039502947446049DF0
:10130000E4002C1B049406D2029C039D641C00265E
:1013100075410395029401AC70CC009F7D1BB441D4
:10132000AE09AF06049DC900AD092F43049DA40674
:10133000AD060495079D344369180791059DE10B9F
:101340004D432D0C29466646754302950D4645438F
:101350002E46029D7D1BB44100950D465D430194D0
:101360002C0C2F040D465543AE462D0C3D430295E3
:1013700003947546049C2D04641B049406D2029CBD
:10138000039D641C002675410395029401AC70CC4A
:10139000009F7D1BB44101948C050694079C890A2B
:1013A000611800950791019C0599A4086143090CF7
:1013B0000D464543680BEF040D46644665436C0BD0
:1013C0003C43049FED047D1BAC4602D20025641C07
:1013D0006841009E019D371B854108465843019591
:1013E0000C46460FC5005443600F28436546E40091
:1013F0002C1B02D20025401C6E41019D3F1AB541B5
:101400002846BD09800628438446A009BF064E022F
:101410000699A40676180743079D002068410A999B
:10142000079019430020099B00906046FF19134361
:101430004041E20F64003A43A4460446D71A8C4167
:10144000A04203D90120009020463A46C70F9418C5
:1014500040416246D20F2243644664000494009CDB
:10146000BE466400D71AA446044602978C417746CC
:10147000002F01D1A04204D96046401C8446029A44
:101480002046C40FA64694184041049A0546D20F40
:10149000224364466400D31A8D417146002901D16C
:1014A000A84202D928461A46641C1043012200288B
:1014B00000D0164361020020079B891904465C4155
:1014C0000223002C02DB491813466441089DCE0A12
:1014D0002D145D194B056705E10A2C050D190899B6
:1014E0003E43C9076940002B08D0934006D3002231
:1014F000761C5141002B01D1760876001C4A002D44
:1015000043DB154241D0AA433FD030460BB0F0BD7B
:1015100006180D464D41174C7642AC411AD395182A
:101520001C465C41134A6D42A24113D3012252056D
:101530004C00D4420AD15C00D4420BD04B4002D5BF
:1015400092021143E2E749004908DFE75940C90F19
:10155000C90718E000200849D8E7054801420DD125
:101560000342F7D0F2E700000000FF071DCF0000A4
:101570000000F07F0000E0FF0000F87F11485940B4
:101580000143C01241400020C0E70123089A9B0696
:101590009A4205DC032252078918C90FC907B5E72B
:1015A000052252078918074A1143D2125140ADE76C
:1015B00070B515461C4602460B4628462146FFF7E5
:1015C000DFFD70BDFFFFFF7F30B50346CA02400D4F
:1015D0001043164D164C0A1502D02043002A06DB94
:1015E000AA1A002A12DDD040FF2A0BDC30BD5205BA
:1015F000520D01D140004008AA1A07D4D040404201
:10160000FF2A01DD002030BD0028FCDD4A00002B50
:1016100001D0012000E00020101801225205D04224
:10162000F0D8C817C043604030BD00001E04000061
:10163000000000800346CA02400D10B510430A1591
:1016400004D00124E4072043002A05DB0A4CA21A37
:1016500004D4D040FF2A00DD002010BD4A00002B3A
:1016600001D0012000E00020101801225205D042D4
:10167000F2D8C817C04310BD1E0400001F22030C7F
:1016800002D10F22000402D0030E03D004E0002098
:10169000014670470002083A030F01D10001121FF2
:1016A000830F01D18000921E002801DB4000521EF2
:1016B000120551184205C012411810467047C10F5B
:1016C000C90700D04042012292071143D6E7012109
:1016D0008907D3E7F0B58B4C0F09254689B0BD4388
:1016E0007BD01D092646AE43FAD00E465E40274009
:1016F000F60F3E43254071D024012142FBD0FF2448
:10170000AD19A4042D1B039501252D05DB02DB0A71
:10171000C9022B43C90A29431E010901040F130FF3
:10172000050121431701880B820391432D098C4643
:10173000A90B1E438A039543B30B9A0396433F09B3
:10174000BA0B9403A74302962E467E430497B646EF
:101750004E19D7190C460196544305977E43371B03
:101760007646BF1B3601B646BE0B36190096764646
:10177000BC043719009C01D3641C00946400002F42
:1017800001D001263443029E049F754366467E4382
:101790000496760034196E0034190094029C019E60
:1017A0001C196643751BAE46069465464519059C93
:1017B00005956C43594375460891691A0191049E39
:1017C00001465143A41B0491611A009C0791E10654
:1017D00005D061090122114302E072E06EE0610967
:1017E000089D00272C0A2D066918049D7C412A0AB1
:1017F0002D066918019D6241AC0DAD026D18544172
:10180000079A910D920255196141029A6446584314
:101810005443069B059A5A43121A131B9A0E9B01B6
:101820005B187A41010B0005C3185141220A2006BA
:1018300044195A419A4200D2491C01204002814277
:1018400003D315230226F64302E014230326F643AE
:101850002020C51AA9401746AF40DA400A43204667
:101860000399D8400914731819055118039A38437D
:10187000D2075140AC4009D00122944006D3002247
:10188000401C5141002C01D1400840001E4A9342A7
:1018900012D3012203989206904207DB05204007ED
:1018A00009181A480143C012414004E003204007D0
:1018B0000818C10FC907002009B0F0BD0020F107CA
:1018C000FAE705180C464C4111486D42A04115D36A
:1018D00094181A465A410E48644290410ED3012092
:1018E0004A004005824209D35A00824206D3594039
:1018F000C90F084AC90700201143DDE70020064947
:10190000DAE700000000FF07FE070000FFFFFF7F8F
:101910000000E0FF0000F07F0000F87F0121C90512
:101920000123411842001B06D3185B0E0AD0C110D8
:101930000722D206891840075242D14201D55200EF
:1019400089187047090208D50146002A03D0C10F43
:10195000C9070020704710467047420202D000209D
:1019600002497047072109050143F4E70000F87FA9
:10197000F0B5FF252D04C609C209FF2704462E40F5
:101980000137CB093E4348402A402B400746002AF6
:101990006BD0002B69D0AA4267D0AB4265D000283B
:1019A00000DA32460125ED0529432C4309022002C5
:1019B000090AD21A4B0C7F24E31A434C000A7C44D8
:1019C000E35C7D242404121914145B00A2188842DD
:1019D00001D3521C00E0400049420C465C432411F4
:1019E0005C43DB016415E318040A5C43C502200D67
:1019F0000C4644436419250A5D432303EC0C0D4651
:101A0000654300030019EB184C42A34201D35B1855
:101A1000401CD4052018002B07D05B00C91804D344
:101A2000401C002901D1400840003F2189048A421E
:101A300009D3002A08DC1106090F04D00321490745
:101A40004018C00FC007F0BD0122410012068918DE
:101A50007F2252069142F6D205214907C84201D59C
:101A60009010F0BDFF20C005F0BD002F00DA324617
:101A70001648AA4207D2AB4205D21902090E17D066
:101A8000F80FC007F0BDFF2563002D06AB42F9D863
:101A90004900A942F6D8AB4201D1A942F2D0A942ED
:101AA00001D1002101E061004908D0050843F0BDE3
:101AB0001102090EFBD0FF200243D005F0BD0A46FB
:101AC0000146104654E70000C7C700000000C07F71
:101AD0000102C21504D00123DB071943002A0ADBE7
:101AE0009E239A1A02D40846D0407047FF22410034
:101AF0001206914201D900207047C017C0437047B9
:101B00001F22030C02D10F2200041CD0030E01D1AE
:101B10000002083A030F01D10001121F830F01D107
:101B20008000921E002801DB4000521ED205511891
:101B3000021251181922904004D3491C002801D1E7
:101B40004908490008467047C10FC90700D0404204
:101B5000012292071143D3E701218907D0E7000052
:101B6000004870479C16002000487047B4160020BB
:101B700000487047941600207047704770477047C0
:101B800038B504460A4600206946C046C0460028CB
:101B900005D002462046009901F032F8012038BDF8
:101BA00010B5012001F042FE10BDF8B5C046C04698
:101BB000054600200C461020C0460646A819A04243
:101BC0000DD9324669460020C046C046070001D103
:101BD00001F02CFE0098A04200D00546C419FFF782
:101BE000BFFFF61D07460560F008C00046192846ED
:101BF00000F008F8B44204D031463868A21B00F067
:101C0000FFFFF8BD00210160416080607047102037
:101C100070470B4670B5024689078008084319468D
:101C20009D08141AA94125090807054308092C191C
:101C30004841250A01060D43010A2C194141200C97
:101C40000D0428430D0C00194D41002140194D4150
:101C5000C00869070843E908840F8D002543840004
:101C600024184D4124196D41121BAB4107E0092591
:101C7000ED432C11521963410024401C61411C4664
:101C80000A250026551BB441F1D270BD10B5FFF7EF
:101C90006FFF006810BD10B50446FFF769FF0460D0
:101CA00010BDFFB504460D4681B024300090216878
:101CB000880604D51022E0699143216000E00120EC
:101CC000A84201DD471B00E000270498A1697A19AA
:101CD0001018081AA0612078C00602D42046FEF72A
:101CE0003BFC002608E003986268A168805D90478D
:101CF000206A401C761C206204988642F3DB207820
:101D0000C0060AD52046FEF727FC06E06268A168F7
:101D100030209047206A401C206238467F1E0028F1
:101D2000F4DC07E000986268A168405D9047206A93
:101D3000401C206228466D1E0028F3DC2046FEF77A
:101D400021FC2078000602D5022005B0F0BD01205C
:101D5000FBE700007047FFB50C461E468FB003CA74
:101D6000089009914F007D0D00D16D1E002108469D
:101D70000020C0460321099A89050840002A03DA99
:101D80008200801840080840800D01280A9002DD7A
:101D90000020C0430A90089807430DD0EF48F0494F
:101DA000281848430714189800281DD07542291E8A
:101DB0001DDD0A9842421BE01898012802D000203D
:101DC000302104E00020F24305E02154401CB042E1
:101DD000FBDB30460022189B002121540F998B60B9
:101DE0000A60486013B0F0BDBD1B6D1CDFE70A9AA6
:101DF000002900DA69420BA801F096F90BAB07CB7A
:101E000003AB07C30899099801F0F2F96B4607C3C1
:101E10000146D4480918002D00910ADDD1490398E4
:101E20000A9A4942401803A90390684601F005FC4C
:101E300007E003990A9A081803A90390684601F07D
:101E4000D2FB6B4607C30004000C03D00020C04344
:101E5000410800E01046189A002A03D000220092A0
:101E600015461EE0751E05D4FFF7D3FE30326255CD
:101E70006D1EF9D501220843079602D000227F1C6F
:101E800004E02078302801D100227F1E002A069726
:101E900089D01EE0112D07DAFFF7BBFE3032625504
:101EA0006D1C02460A43F5D1084303D00098002870
:101EB00019D00EE00021681E05E0235C625C6354CB
:101EC0002254401E491C8142F7DBA81B401E079587
:101ED0000690079A18990020A0540F98079B069A1D
:101EE00081600CC07EE71126002018905BE7D21DB0
:101EF000F0B50D460446D10893B0C90003C90C9053
:101F00000D9108F0F7FC02460D98C00F01D02D206E
:101F100007E02068810701D52B2002E04007C00FB1
:101F20004001032A0F9001D0072A05DB034629460A
:101F3000204600F0A1FE0EE12078800601D5E76979
:101F400000E006272846652D04D0662814D0672DAA
:101F500069D12DE00020112F009001DB112300E05A
:101F60007B1C0CAA03A910A8FFF7F5FE1199002607
:101F700010987D1C0E9142E001203B460CAAC00740
:101F80000B900120009003A910A8FFF7E4FE119D1B
:101F900012981099002600280E9501D1781C0D1872
:101FA000781B02D446427D1C761EE81B00903AE066
:101FB000012F00DA01270020112F009001DD1123ED
:101FC00000E03B460CAA03A910A8FFF7C4FE119934
:101FD0003D46109800260E91217809070BD40E99E2
:101FE000A94200DA0D4603A9012D04DD4A19203A61
:101FF000D27F302A06D0B84201DA011D04DA01216D
:1020000000910FE06D1EEFE7002802DC86192D1A03
:1020100003E0411CA94200DD0D46801B401C0090DE
:102020000120C0070B902078000705D40098A84233
:1020300002DB0020C043009069460020C8720B9864
:10204000012102AF0337C907884225D00220109032
:102050002B2011900B9800280BDA40420B902D207A
:10206000119006E00B9800F09BFC30317F1E0B9026
:1020700039701099481E00291090F3DC0B98002845
:10208000F0D111987F1E38702088000501D54520B9
:1020900000E065207F1E387001A8C01BC01D0B909A
:1020A0000F98002800D0012041190098C017091886
:1020B0000B980818A169081A401EA0612078C00674
:1020C00002D42046FEF748FA0F98002805D062682F
:1020D000A1689047206A401C20622078C00625D560
:1020E0002046FEF739FA21E0002E07DB0E98B042B9
:1020F00004DD03A86268805DA16802E06268A168EF
:1021000030209047206A761C401C20620098401EB8
:10211000002800900AD1FFF727FDC06862680168B7
:10212000405CA1689047206A401C206228466D1ED2
:102130000028D9DC07E062683878A1687F1C9047E6
:10214000206A401C20620B99481E00290B90F2DC8B
:102150002046FEF717FA032044E6000001FCFFFFCB
:10216000104D0000E1DFFFFF01694A1C02610878A1
:10217000704700B58FB00291002105910549019388
:1021800079440391114604906846FEF7CFFA0FB0E8
:1021900000BD0000E5FFFFFF0A681070521C0A60D6
:1021A00070470CC908399A4202D2531C0B60107058
:1021B000704710B54369002B02D0C046C04601E00D
:1021C000FEF7F1F9012010BD1278014624310A70A2
:1021D00000224A700122ECE711680022D243E8E7AE
:1021E000084B70B50D467B44FFF7C3FF04462846F5
:1021F00001F052FA002802D00020C04370BD2046F2
:1022000070BD0000F3920000FFB58BB00878FF2886
:1022100006D0491C2D2805D000230020009009E09D
:1022200000200EE00123F8E7009A0A246243801898
:10223000491C00900878FF28F6D1002B02D00098A6
:1022400040420090002503952C460D9800782D28DB
:1022500001D02B2815D10D99491C2D280D9102D0A4
:10226000002003900DE00120FBE7401C21460027E1
:102270000A223B460D90284600F0DCFC35183C460F
:102280004C410D980678FF2EEFD100210846002022
:10229000C0460399002902D081004018400800027E
:1022A000870F012F01DD0027FF430E990098461884
:1022B000284620430BD0FF20F530C64210DA0398A1
:1022C000C1070B9841600B990020086018E0039843
:1022D000C1070B9841600B99002008600FB0F0BD5A
:1022E000FF20F530864210DDF648784406C80B988A
:1022F00006C00B9803994068C90708430B994860CA
:10230000FFF736FC02210160E8E7311E01DA7A426C
:1023100000E03A46002900DA714207A800F004FF05
:1023200007AB07CB04AB07C3E7480090002001468A
:10233000214304D12C460546E34920390091210C64
:102340000904014306D1290C24040C4300992D04EF
:1023500010390091210E0906014306D1290E2402ED
:102360000C4300992D0208390091210F0907014300
:1023700006D1290F24010C4300992D01091F00915A
:10238000A10F8907014306D1A90FA4000C430099AE
:10239000AD00891E0091E10FC907084304D10098E0
:1023A0006D196441401E00903A466846002E04A90B
:1023B0000295019402DD01F022F901E001F048F9F3
:1023C000044603980D46002802D00120C00744406F
:1023D000BE4E60004008284303D06000400DB0426C
:1023E00014D1FFF7C5FB022101606000400DB0422F
:1023F0000CD1B748784406C80B9806C00B98E10F7B
:10240000C907406808430B99486067E70B98446028
:102410000B98056062E7FFB51F4695B000200025C8
:102420000C909E685C68ED431390FFF79DFBC068BD
:102430000168405C1490B96916986D1C88470A9031
:10244000396A88470028F6D10A98401C0AD00D2026
:10245000C0018443002E12DD0A982B2809D02D28B4
:102460000DD103E00020C04319B0F0BD012080026F
:102470000443B96916986D1C8847761E0A9060055A
:1024800004A901D52D2000E02B206A46491C1074B8
:1024900010A8002E0D910B903BDD0A98692805D0FD
:1024A000492803D06E2801D04E281DD13B46039009
:1024B00002200296179A1699C043009501940BF0DA
:1024C000A5FDC11CD0D10FE0B96916986D1C8847D5
:1024D0000A900120761E4002044317980560139865
:1024E000401C002E139014DD0A983028ECD0782878
:1024F00001D058280DD1139801280AD13B460296E5
:10250000179A1699001F009501940BF077FDC11CD6
:10251000AAD114990A98884246D18020044308E041
:102520000C981799401E0C90012040020443681C2F
:102530000860B9696D1C1698761E884730280A9085
:10254000EED031E01499884205D1200603D48020D2
:102550000443761E1EE00A9808F09DFA002826D053
:10256000012008A9400204430D980331761E8842D9
:102570000BD20A980D99303808700D98401C0D90B8
:10258000200607D50C98401E03E0200602D40C98C4
:10259000401C0C90A00502D51799681C0860B96909
:1025A00016986D1C88470A90002ECBDC59E0002E4F
:1025B00057DD0A98652801D0452852D1A00550D58D
:1025C0000320B969000284436D1C1698761E884763
:1025D000002E0A900CDD2B2804D02D2808D1FF20D6
:1025E00001300443B96916986D1C8847761E0A901D
:1025F000E00501D52D2100E02B210B9801700B98EF
:10260000401C0B90009025E0012012A940020443D9
:102610000B980131761E88420ED20A980B993038F9
:102620000006000E087003D100990B9888420AD961
:102630000B98401C0B9006E0E00501D5254801E011
:10264000244840420C90B96916986D1C88470A903E
:1026500017980560002E04DD0A9808F01CFA00287F
:10266000D2D1F969169888470D99FF2004AA0870FD
:102670000B99087000200E900F900C9B10A90EA8CB
:10268000FFF7C2FDA00502D40120C043ECE62420E0
:10269000044209D0E00713D138680F9A0E99031D40
:1026A0003B60006806C00BE00EA9684608F097F989
:1026B000E00705D13868009A011D396000680260A2
:1026C0002846D1E6DEBF00003E400000FF070000C4
:1026D000D4BE0000F1D8FFFF0268511813780160E2
:1026E0001846704710B5D1600549794451610549D4
:1026F0007944116200211161114600F001FB10BD07
:10270000EBFFFFFF710500004268002A08D0016856
:102710000B78491C002B03D0521E06C01846704788
:102720000121C160881E70474268002A0BD0C3682F
:102730000168002B07D183688B4204D0491E521CCC
:1027400006C0002070470020C04370470FB400232C
:1027500000B589B00CA900910B99CB60214B7B444B
:10276000214A7A4407920422069301921F4A029258
:102770001F4A7A446B460892024600200BF036FC52
:1027800009B008BC04B0184770B5064615460C469B
:10279000324686B00020C04301900020049004A877
:1027A000009102916946FFF7D1FF03460498211872
:1027B000002D05D0002801D00A4600E022462A60FC
:1027C00000280DD0002B02DD0098884208D0324648
:1027D000081B6946019004A800940294FFF7B6FF15
:1027E00006B070BDA7FFFFFFC3FFFFFFFFFFFF7F26
:1027F000EF040000F7B50F460026009C2578641C06
:10280000002D05D0FDF722FD0068405DC007F5D121
:102810002B2D02D02D2D18D0641E3946029A204649
:1028200000F02EFC002F04D03968A14201D100999C
:1028300039607105022400290BDA4042002803DDCB
:10284000FFF796F90460A007FEBD01208002064351
:10285000E3E70028F8DAFFF78BF904600048FEBDD3
:10286000FFFFFF7F10B543485421FEF772F942483D
:102870005421FEF76EF941485421FEF76AF94048A9
:102880003C493D4B404A01603E4803603B48106074
:102890005A1C0A65411C1965012101653C48354AED
:1028A0003AA1784400F022FF002804D13848784447
:1028B0000C3800F0B5FF38482F4A36A1784400F0B4
:1028C00015FF002804D1344878440C3800F0A8FFE4
:1028D00032482A4A2FA1784400F008FF002804D18A
:1028E0002E4878440C3800F09BFF40232148DC0040
:1028F0000021224600F0D4FE002804D02448784469
:102900005C3800F08DFF1C4822464023002100F077
:10291000C7FE002804D0204878445C3800F080FFCF
:10292000164822461023002100F0BAFE002804D0E9
:102930001A4878445C3800F073FF10BD0F4870B53A
:10294000006D44080B48640000F044FF0A4800F0A2
:1029500041FF0A4800F03EFF09E0206D450820468F
:102960006D0000F037FF2046FDF7A9FC2C46002C37
:10297000F3D170BD98150020EC1500204016002002
:1029800084000020880000208C00002072000000DD
:1029900023B90000770000000DB90000F7B800006F
:1029A00001468008081A02091018020A1018020CC1
:1029B0001018C008820012185200891A01E0401C49
:1029C0000A390A29FBD27047F8B5224C4E00069D01
:1029D000A6420AD8A64201D1002806D15E00A6422E
:1029E00003D8A6420AD1002A08D00D242404254287
:1029F0002CD02946002000F01FFFF8BD0C461C43D8
:102A00000CD4994202D0EFF30080F8BD904202D07E
:102A1000EFF30080F8BDEFF30080F8BD0924240730
:102A2000E5008B4206D0EFF30080A043591A06D28E
:102A3000284304E0101A05D3EFF30080A04380F38D
:102A40000088F8BDEFF30080A043F1E7009500F0A7
:102A50000BFFF8BD0000E0FF10B5FF231B0644008C
:102A60009C421DD84C009C421AD80346124A0B4384
:102A700007D4401A02D3EFF3008010BDEFF30080BB
:102A800010BD081A06D2EFF3008001219043C90758
:102A9000084302E0EFF30080904380F3008810BD0C
:102AA0000D231B041A4204D01146002000F0C4FE7E
:102AB00010BD00F0E3FE10BD0000009010B5FF2235
:102AC000C30D134009D05A4007D0914205DA5C4249
:102AD000A14202DDC905081810BDC40FE407002B90
:102AE00006D0002A06D0002902DBFF20C0050443DF
:102AF000204610BD4102FCD0004810BD0000C07F40
:102B000030B5C30D1906214A090E31D0FF292FD047
:102B100000283ADB01025002014301207D33C3400B
:102B200000D24908012080071724091A2406490801
:102B300082102343FF252D064C00211A04D4891A44
:102B400002D45400201800E0214652085B19F3D546
:102B50001A220446944007D382068A4203D1802178
:102B60008030884300E08030C009D905081830BDA6
:102B7000FF2904D04100FAD0C00FC00730BD410288
:102B800001D0104630BD0028FCDAFAE70000C07F13
:102B90000EB501910090FDF70BFF029069460120F0
:102BA000ABBE0EBD08B5694600900220ABBE08BDA5
:102BB0001FB56B4607C369460520ABBE04B010BD08
:102BC0001FB56C460FC469460620ABBEF6E708B5D4
:102BD000694600900920ABBE08BD1CB500900A20D4
:102BE00001916946ABBE1CBD704708B569460090AF
:102BF0000C20ABBE08BD00000048704794160020B2
:102C000010B50346406801E003464068002801D043
:102C10008842F9D31868C3188B4206D0CB1CD80859
:102C2000C000001D411A521A0146081D0A60FDF736
:102C300046FB10BD4343514330B55C18010C130CE7
:102C40000D4692B25D4380B251432C19054655435F
:102C50000A0C09044D1962415843010C0004401943
:102C6000514130BD10B50446FDF7F0FA0068005D33
:102C7000C007C00F10BD0000F8B51F460446012371
:102C80000068DB02032601461840072A05DB0028FE
:102C900001D017A506E017A504E0002801D016A56D
:102CA00000E016A5102081432160A069C01E002FFE
:102CB000A06101D0401EA0612046FDF74DFC002F11
:102CC00009D038466268A1689047206A401C20629B
:102CD000C01C206206E0206AFAE762682878A168D2
:102CE0006D1C9047761EF8D22046FDF74BFCF8BDD0
:102CF0004E414E006E616E00494E4600696E6600A0
:102D0000F3B50C468FB000200C90012000260E90E9
:102D100008460C3003906269039801219047051E14
:102D20002ED0252D2DD0216A8847002818D0626921
:102D3000039801219047216A88470028F7D16269EA
:102D4000411E0398904700E0761CA1690F988847C0
:102D5000216A88470028F7D1E1690F988847DAE7A8
:102D6000A1690F988847A842074601D1761CD2E78F
:102D7000E1690F9888477F1C02D10C98002877D012
:102D80006BE16269039800273D46394690472A283F
:102D90000CD16269039801219047012506E00A21C0
:102DA0004F433F18303FEBD410200543626903982E
:102DB00001219047014630390A2903D2AC498F429C
:102DC000DEDCECE7E90600D4AA4F6C280AD04C28D8
:102DD00010D0682824D06A282ED074280CD07A28E5
:102DE0000AD00DE062690398012190476C2823D036
:102DF00004211CE0202005436269039801219047CB
:102E0000A760652865604FD026DC582839D01ADCC9
:102E1000452849D012DC252834D04128B0D143E0E0
:102E20006269039801219047682802D008210D4368
:102E3000E6E70120C002DEE70220DCE7462833D0C7
:102E400047289DD130E05B2870D061282CD06328C2
:102E50006CD0642894D161E06F284FD009DC6628DB
:102E600022D0672820D0692826D06E2817D12EE0DE
:102E7000EFE070284DD073286FD075284ED0782899
:102E80000DD154E0A1690F9888472528054600D147
:102E90006CE7E1690F9888476D1C00D16DE7DCE0B5
:102EA0000A224CE00A2252E0012023466A460F998A
:102EB000C0430BF09BF8C5E0402128462346084359
:102EC0006060A80701D5002239E000223FE0E80752
:102ED00000D020E72068011D21600068290501D588
:102EE000067018E7290701D5068014E7A90703D55E
:102EF000F117066041600EE706600CE740212846A6
:102F0000234608436060A80701D5082217E008227D
:102F10001DE0594928460840606016E040212846D7
:102F2000234608436060A807BCD5B9E715E04021F7
:102F3000284608436060A80707D5234610220120D1
:102F40000F99C043C046C0467CE0102223460120B2
:102F50000F99C043C046C04674E0002163280B4669
:102F60000191009102910D9102D05B2807D03BE0C6
:102F7000E80601D40120A0600120009034E0E06860
:102F800001210D906269039890475E2807D10120C6
:102F90000190E06801210D906269039890472169D2
:102FA000002906D10B4604AA8F00491C0829D351D9
:102FB000FADB002851D02169002926D00298401C54
:102FC000029062690398012190475D28F1D1019830
:102FD000002808D0002004AB8100401C5A58D2437E
:102FE00008285A50F8DB04AB2069002820791CD04F
:102FF0004007029A00980D9B0092224602901F48BB
:103000000F991DD5C046C0461CE0C117C90E09184E
:103010004A114909930004AA9A184901411A1368F0
:103020000120884003431360CBE740072246134842
:103030000F9902D5C046C04604E0C046C04601E034
:10304000C046C04600280ADA401C06D10E98002867
:1030500003D00020C04311B0F0BD0C98FBE7E90796
:1030600002D10C99491C0C91361800200E9052E6A2
:10307000CCCCCC0CFFFFFF7FF1F7FFFFFEFFFFFF83
:10308000F7B5154682B00027029C2078641C019792
:10309000302802D0002D15D015E020780127641CBF
:1030A000782804D0582802D0002D09D00BE0002D3C
:1030B00001D0102D07D1207800271025641C02E0D4
:1030C000082500E00A250026009610E00099012757
:1030D0006943081829467143020C80B200908E188B
:1030E0003804864201D3012001902078641C2946CF
:1030F00000F0ECFB0028E9DA0398002805D0002F47
:1031000001D0641E00E0029C04600198002806D0F3
:10311000FEF72EFD02210160C81E05B0F0BD00992A
:1031200030040843F9E70000F7B516468AB02F4887
:1031300078446C4603467C33C06F5A689B680DC464
:103140002A487844763003AC0DC80DC43720C0013E
:10315000081837211B30FDF783FD05460C46803DDE
:103160001B3C02D56442012000E0002000270990AA
:103170000FE0E0070BD00C201C497843794432461D
:103180004C394118684600F02EFA6B4607C36410AC
:103190007F1C002CEDD1154F7F442C3F15E0E80734
:1031A00011D02001C0190EC806910893079200683B
:1031B000F04201D198190890324606A903A800F000
:1031C00012FA03AB07C36D10641C002DE7D1324621
:1031D00069460998002803A802D000F02EFA01E001
:1031E00000F001FA0A9B07C30DB0F0BDA4B00000C7
:1031F000034640000A4610B5400D0BD00121C90717
:103200000F24A40200191C0364082143540D214318
:10321000D20207E000210120F2E7D40F4900214348
:103220005200401E0029F8DADB0FDB07184310BDFF
:10323000FFB50D46144685B04868516807F034FB69
:1032400000910190A868A16807F02EFB02910390FD
:10325000A868616807F028FB029A1218824202925D
:1032600001D2012000E00020019A0B18D21800289A
:10327000019202D08A4202D903E08A4201D201209F
:1032800000E000200099081800906868A16807F025
:103290000BFB029A12188242029201D2012000E036
:1032A0000020019A0B18D2180028019202D08A42FD
:1032B00002D903E08A4201D2012000E000200099F7
:1032C0000818009028682168400049004008490813
:1032D0004018EE49471814E001994000C90F08430F
:1032E0000090019802994000C90F0843019002988C
:1032F00003994000C90F08430290039840007F1EC5
:10330000039000980028E7DA0898002801D0E04EE2
:1033100000E00026B74228DAF71BF806C00E15D0E9
:10332000029B2021091A039A8B401A430392029AA6
:10333000019BC2408B401A430292019A009BC240FB
:103340008B4000991A430192C14000917A110BD031
:103350006B460320811A01D5002101E089005958EC
:103360008700401ED951F5D53746039802990028A9
:1033700000D00120014308980291002808460CD093
:10338000002800D001200199019A49050843012134
:10339000D20AC902D202019200E001210E9B012251
:1033A000D207012B02D0002B03D013E0002807D155
:1033B00016E0904204D890420CD1019B0B4209D0F8
:1033C000019B5918019105D10099491C009101D127
:1033D0007F1C0092002803D0102108460020C04620
:1033E00028682168019B009A4840C10F0598C907C9
:1033F00039430EC009B0F0BDFFB587B0099A0898EF
:103400000899536892684068896896460022039339
:1034100017469446089A12685300099A5B08126886
:10342000520052089A1A9B4BD4180A9A002A01D0CB
:10343000352200E040220692002201231546049224
:10344000DB07059324E0002D05D175460346039E56
:103450004D1BB34109D375466646039B491B049D2A
:103460009841059B7519AC465F4163463B4308D0C4
:10347000059B049EDD0776082E435B0804960593A2
:1034800001E0521E641EC50FED0749184041521C51
:10349000069B9A42D7DB002D04D17546039A6B1A1E
:1034A000824101D203200CE0039A0B466B4042405C
:1034B000134303D0014303D0012002E0022000E0C7
:1034C0000020614601910021009702910A9900298C
:1034D00005D06146400201436D4B019102E0800737
:1034E000002302909C423ADA1A1BD006C00E15D077
:1034F000029D2021019C091AC5408C402543029C55
:103500008C4000D001242543019C02953D46C440D7
:103510008D4039462C43C1400194009154111DD077
:103520006D460221002202290CD10320001B07E076
:10353000002804DB8600AE59002E00D00122401C7A
:103540000328F5DB081B02D588002A5004E0800020
:10355000285810438A00A850491EE3D51C460A98F3
:10356000002802980CD0002800D001200199019A6F
:10357000490508430121D20AC902D202019200E0A2
:103580000121109B0122D207012B02D0002B03D076
:1035900013E0002807D116E0904204D890420CD1E5
:1035A000019B0B4209D0019B5918019105D100994B
:1035B000491C009101D1641C0092002803D0102105
:1035C00008460020C04608980999019A00680968D1
:1035D00048400099C30F0798DB07234303608260CC
:1035E00041600BB0F0BD1FB5002300920A460146B2
:1035F00001A8FFF71DFE01AB07CB04B010BD1FB53E
:10360000012300920A46014601A8FFF711FE01AB13
:103610000F2407CBA402C30F4000DB074008001BA8
:10362000002900DB0020490000054908CC0A20439E
:1036300049051843D20A1143DFE71FB50023009262
:103640000A46014601A8FFF7D7FE01AB07CBD4E736
:103650001FB5012300920A46014601A8FFF7CCFEE0
:1036600001AB0F2407CBA402C30F4000DB074008C7
:10367000001B002900DB0020490000054908CC0A96
:10368000204349051843D20A1143B6E702C0FFFFA1
:10369000013C0000FF3F0000C068802108407047E7
:1036A00070B5C468A50713D0650211D4D51FF93DC4
:1036B0000AD0FF3D6D1E07D0FF3DFF3D022D07D113
:1036C00001462431012305E0074E5D1EB54201D3BA
:1036D000012070BD0161C36141600F2109028C436B
:1036E0001443C460002070BDFFFFFF00F7B516460D
:1036F0000C46104600F06EF82078611C61280AD054
:10370000722802D0772839D102E00125002404E094
:103710000225042401E02D4D082402220323012761
:103720000878491C2B2806D0622807D02039C87F8A
:10373000742807D008E01D431443F1E70420054333
:103740003C43EDE71020044300982146FFF720FAA0
:10375000411C13D00021316171600121F5604902E3
:10376000F1617061200704D530460222002100F08B
:10377000EDFB306D384330653046FEBD0020FEBDA8
:10378000F8B50D460646124C206DC10704D041081D
:1037900004D044086400F7E7224610E05420FCF708
:1037A0005DFD070010D07908206D4900012211430A
:1037B0000843542120653846FDF7CBF93A4629469F
:1037C0003046FFF793FFF8BD0020F8BD02800000EF
:1037D00098150020FEB50446466900690F4F019018
:1037E000E56800200090A80707D0204600F058FCAC
:1037F0003046FFF7D7F9002801DA3846FEBD280524
:1038000002D50198FCF75BFD4C212046FDF7A1F99C
:10381000206D4008400020650098FEBDFFFFFFFFBF
:1038200010B500F093FC00F08BFC10BD10B500F05B
:10383000A7FC00F085FC10BDC80212D54803400F5C
:10384000002804D0C803C043012188407047EFF32B
:1038500000800001000903210907084380F3008864
:10386000704700207047000010B500200249029AFE
:1038700000F0AEFC10BD00000000F87F10B502485B
:1038800000F0A6FC10BD00000000C07F7047754628
:10389000FFF7B2F9AE46050069465346C008C000BE
:1038A000854618B020B5FCF7BFFC60BC002749086E
:1038B000B6460026C0C5C0C5C0C5C0C5C0C5C0C5C8
:1038C000C0C5C0C5403D49008D4670473A2800D26A
:1038D0003038202302469A43412A01D31046373814
:1038E000884201D30020C04370470000FFB51F4647
:1038F00089B0139812994005C00FC00705900020A9
:10390000079005460446461E049002903C20491C40
:1039100012910690B9690A98884703901498401E3E
:1039200014901498002841DD03982E2816D01021F9
:10393000FFF7CCFF002834DB0121049107990143F4
:103940001AD0069900290CDB069AC11700F076FC04
:10395000054306980C43001F069006E001200290E4
:103960000EE0002801D001200543012007900298B5
:10397000002805D1361D03E00298002800D0361F2C
:103980001298401C1290B9690A98884703901498BD
:10399000401E149004980028C3D00B991298086018
:1039A000BFE70398702808D0502806D0F9690A9814
:1039B00088470498002815D051E00020039001208A
:1039C0000290049800280AD01298401C1290B969FD
:1039D0000A9888471499491E0029149106DCF96950
:1039E0000A9888470120C0430DB0F0BD2B2804D0B1
:1039F0002D280DD10020C04302901298401C129037
:103A0000B9690A9888471499491E00291491E6DD7E
:103A1000411CE4D00A21FFF759FF0028DFDB03999E
:103A20000A225143081803901298401C1290B96959
:103A30000A9888470A21FFF749FF14990B9A491EF3
:103A40001491129911601499002901DD0028E6DA19
:103A5000F9690A9888470299039848438619139888
:103A60002421084004902846204304D0A10F890750
:103A7000090002D006E005989BE0A90FA4000C43C2
:103A8000AD00B61EE10FC907080002D16D196441EF
:103A9000761E0498002803D00B2002905D4803E0B6
:103AA000282002907D20C0438642039007DA811BC4
:103AB000029808184128029001DD41200290029AE4
:103AC00001200021521E00F0B9FB024628400B469F
:103AD0002140084301D0012000E000200790002091
:103AE000521EC04343412A4023401A4301D00120C3
:103AF00000E0002007990690014352D000210846BB
:103B00000020C0460321059A89050840002A05D0F7
:103B100082008018C20F101840100840801501283C
:103B200002DD0020C04301E0012815D0401C38D040
:103B30000798002835D0069800280DD1029A012058
:103B4000002100F07BFB28402140084301D00120E8
:103B500000E00020002824D0029A0120002100F07B
:103B60006DFB034640198C4661412A1A8C410FD3E4
:103B70000298402807DD0498039E002801D0343EB7
:103B800002E0173E00E0761C01240025E40708E06F
:103B90005B1E62460024E4436241DD43D44305409A
:103BA0000C4003980121081AB04206DA1A49059818
:103BB00008430190002000900EE060006205010BB8
:103BC000E80A1043059A009068460A4313490A43DD
:103BD0003146019206F055FF049800280AD0139848
:103BE000C00714D13868019A0099031D3B60006832
:103BF00006C00CE002A8694606F0F1FE1398C00763
:103C000005D13868029A011D396000680260129877
:103C1000EAE6000002FCFFFF0000F07F0000F03F3A
:103C2000FFB51D4687B01198484A109C129E40056A
:103C30001399C00F761EC007024301920022009222
:103C4000FF22D2051043202291434929059003D039
:103C500017464E2928D04FE03DA002AA0BC80127E5
:103C60000BC2A9690898641C8847761E014607D4D0
:103C700002A8C05D002803D02022914381420AD0CF
:103C8000E96908988847032F36D0082F34D00120DF
:103C9000C0430BB0F0BD7F1C032F01D0082FE0D133
:103CA0000999601C0860DCE7A9690898641C8847CA
:103CB000761E2DD4B84341282AD1A9690898641CDE
:103CC0008847761E24D4B8434E2821D1A969089884
:103CD000641C884701990122D2041143019105997E
:103CE000D200114305910999761E0C6001D4282851
:103CF00006D0E969089888471198C00712D023E0D8
:103D0000A9690898641C8847761E01D4002803DA44
:103D1000E96908988847BAE72928F1D10998641C0D
:103D20000460E9E711982421084207D02868019A25
:103D30000099031D2B60006806C005E028680599FE
:103D4000021D2A60006801602046A2E70000F07FA3
:103D5000494E46494E49545900000000F8B5054601
:103D60000C46C8680521C904884301218905084318
:103D7000E060800602D5204600F0B8F97149E0689D
:103D80000140022903D0204600F05AF9BCE0052189
:103D9000012249030140D20391420FD1C00306D54D
:103DA0006168E06A884200D80846606006E02069E1
:103DB000E06260606069FEF718FFA061A168002200
:103DC000EEB200290EDAE06883050BD4C943A16086
:103DD0000921226049030843E0606068411C61607A
:103DE0000670ACE0E068012149030843E060002070
:103DF00020602069002831D16069FEF7E8FE0125C6
:103E000027462437ED02002816D0A0898005800FB0
:103E100008D0E069FCF722FA0028206102D0E068AF
:103E2000284318E001202761E061E06803210902CE
:103E30008843012189020DE0E069FCF70FFA0028B0
:103E40002061EFD0E0682843E0608105890F03D14D
:103E5000FF2101310843E06020696060E2683A4F69
:103E60002569D0051FD56168E06A884200D80846F8
:103E7000411B05D02246284600F0ECF8002843D12B
:103E8000E068010204D5E56200206560A06053E0AF
:103E9000691CE1626160E169491E3843A160E0602C
:103EA00030462E70F8BD100201D53A4009E0606836
:103EB000411C61600670E06838430A2EE06006D05D
:103EC0000022E16A6068814203D90B4602E00122C8
:103ED000F7E70346A7895B1B7F0504D4E7699F4288
:103EE00001DD002A1ED0814200D801460F1A0020B1
:103EF000E5626560002BA06009DD22461946284670
:103F000000F0A8F8002802D00020C043F8BD002F20
:103F100008D0A069E5626560C01BA061E06810215F
:103F20000843E060E068000209D56168A069E562C5
:103F3000491B40186560A0610120C043F8BD3046B0
:103F4000F8BD00008210000000000100F8B5044632
:103F500016460D464769007B800730D03846FEF78D
:103F600036FE00282BD132461026002A25D0012A01
:103F700002D0022A23D104E0204600F06FF945194F
:103F80001BE03846FEF731FEE16831430028E1606E
:103F900004DA204600F054F80120F8BDC9030BD51F
:103FA0006268E16A914200D81146A26989182269C3
:103FB000891A814200DD08462D18002D01DA022001
:103FC000F8BDE16A6068E268814206D29103E0626E
:103FD00003D5012149048A433243A669AE4211DC6C
:103FE000E16A814201D90B4600E003469F1923692B
:103FF000FF1AAF4206DD814201D90F4600E00746B5
:104000009F4206D1202002430020A060A5622060CC
:104010000DE0AD1BE669AE1B8142A66000D90846E3
:10402000C01A281A20605819606020208243034873
:1040300002400020E26040342072F8BDBFCFD7FFBD
:10404000C1688022114392039143C16000218160C5
:1040500001607047F7B514460E463348D568576976
:10406000054209D03846A169FEF7B7FD002811DBEB
:104070002D48C0430540E5602B463246384600993E
:10408000FEF796FD4200A1695208B21A891800286D
:10409000A16104D02046FFF7D3FF0020C043FEBD3E
:1040A00070B504460569C06A6168884200D8084650
:1040B000E1680522D2049143E160C90314D5A84206
:1040C00009D02246411B2846FFF7C4FF002802D032
:1040D0000020C04370BDE56200206560A060E0681C
:1040E000012109048843E060002070BD10B504463A
:1040F000C06820218843E060A16AA06988420ED090
:104100002046FFF7CDFFE068032109038843102113
:104110000843E060A06AA0612069E0626060034932
:10412000E0680840E06010BD10000200BFBFFFFF64
:1041300010B50446C046C0462046FCF748F810BDFE
:1041400010B5002801D000F073F810BD10B501467D
:1041500002A000F0A4F8012010BD0000534947520E
:10416000545245443A2052656469726563743A203A
:1041700063616E2774206F70656E3A200000000046
:1041800010B5012805D0002103A000F088F8012017
:1041900010BD09A1F8E7000053494752544D454D61
:1041A0003A204F7574206F662068656170206D65D8
:1041B0006D6F7279000000003A2048656170206DD3
:1041C000656D6F727920636F7272757074656400CB
:1041D00010B50C461107090F092904D00A290AD085
:1041E00008290CD104E011460820FFF725FB06E062
:1041F000510606D501E0510601D50120C007214630
:1042000010BDD10607D501010909CC084907000EE8
:104210000006044309E0410F20024907000A014358
:10422000200E00061D22D14101430846E7E70000A9
:1042300001491820ABBEFEE72600020010B5202A77
:1042400004DB0146203A9140002010BD914020231C
:104250009C1A0346E3401943904010BD10B5014637
:10426000C268900703D0900607D5886A0AE0FDF778
:104270007FFC01210160881E10BD8B694868C01851
:104280000B69C01A40310B7A002B02D0497A401AD0
:1042900010BD1103FCD50028FADD401E10BD70B51D
:1042A00005460C460A2000E06D1C00F043F8002D86
:1042B00006D028780028F7D102E0641C00F03AF814
:1042C000002C02D020780028F7D10A2000F032F824
:1042D00070BD000070B505464800440D124B00202B
:1042E000002C0AD0634008D09A4206DA6642B242F5
:1042F00003DD12054019514170BD002C08D0002B80
:1043000009D0C90FC907002AF6DB084A114370BD5E
:10431000C90FC90770BD28460A03104302D0002008
:10432000034970BD284670BDFF0700000000F07F04
:104330000000F87F08B5694608700320ABBE08BDD1
:10434000014606480079002801D000207047002966
:1043500002D00248C07808700120F7E7800F0020E3
:10436000FFB581B0054614461E460A9F19480079DC
:10437000002802D0002005B0F0BDFF2151311648C1
:10438000FCF7E7FBFF2229461348401CFCF7E4FB3F
:104390001F2210483F380299FCF7DEFB002C0BD09F
:1043A0002078002808D01F2221460A481F38FCF731
:1043B000D3FB012107484170064886704038C76426
:1043C00000214030C17001210171012002490870B3
:1043D00000BFD0E7800F0020400E002010B55448E9
:1043E0000079002800D110BD00F0FAFA5148007899
:1043F000012804D0022822D0032878D14FE04D486C
:10440000401CFCF7D5FA84B222464A49491C0120D7
:1044100009F066F94B21C9004748FCF79AFB0020D8
:10442000464908704880464808F087FE01F08AFD3A
:104430003F494039886402203E49087075E001F028
:1044400081FD3B494039896C411A39484038C06C7C
:10445000814203D303203749087066E0344840782E
:10446000002811D032493F393348FCF75AFA002866
:1044700014D02F491F393048FCF753FA00280DD0CB
:1044800003202C49087009E029493F392A48FCF7E4
:1044900048FA002802D003202649087045E000248D
:1044A0002348407800280FD021493F392248FCF7A3
:1044B00038FA002810D01E491F391F48FCF731FA7E
:1044C000002809D0012407E019493F391A48FCF7B0
:1044D00028FA002800D00124002C09D0012114481A
:1044E000C1700021017100201249087015E015E02B
:1044F0000F488078002809DD0D488078401EC1B241
:104500000B48817001200B49087006E00021084823
:10451000C170017100200749087006E000200549BC
:10452000087000210248017100BF00BF00BF5AE7B8
:10453000800F0020400E0020F00F0020900F002080
:10454000D800002010B5112000F078F810BD000050
:1045500010B501221146094801F0EEFC0A2001F0D5
:104560001BFBFF20F53000F07DF8002800D010BDC7
:1045700000F03AF8FFF7E6FF00BFF8E70008005048
:1045800008B504226946022006F06CFB002804D01E
:1045900001201249C873801E08BD6946C87800060C
:1045A000897809040843694649780902084369463D
:1045B00009780843094908600846006808494864C2
:1045C000486C0849FCF742FB64214843081A044937
:1045D000487000200149C87300BFDDE7D8130020F0
:1045E00090000020C0EA21011CB50021019100913A
:1045F000012201A90A2006F035FB002804D0012081
:104600000D490875801E1CBD012269460B2006F06D
:1046100029FB002804D0012007490875801EF2E715
:10462000684600790449487368460078887300201A
:10463000087500BFE7E70000D813002038B504462E
:10464000684604702004010E6846417002226946E3
:10465000002006F018FB002802D00020C04338BD1F
:104660000020FCE738B5044601F06CFC054614E078
:1046700000200090012269460A2006F0F3FA002883
:1046800007D16846007880210840002801D000202A
:1046900038BD0A2001F080FA00BF01F053FC401B36
:1046A000A042E5D30020C043F2E70000F0B589B096
:1046B00007460C4606F0C4FB089006F0C1FB0790C5
:1046C00086A287A1089806F059FB86A286A10898C1
:1046D00006F054FB8648007800280ED006F0B0FBA8
:1046E00005468348027883A1284606F0FDFA2A464B
:1046F00082A1079806F014FB00BF83484088642815
:1047000002DD64208049488006F09AFB06907E49CD
:104710004888FCF7DCFF05462A460B4675A106983B
:1047200006F00EFB79A1069A079806F0F9FA76488A
:10473000103007F046F8744988800846808864285D
:1047400001DD6420888006F07BFB05906E49888837
:10475000FCF7BDFF05462A460B4666A1059806F004
:10476000EFFA6BA1059A079806F0DAFA66481A3054
:1047700007F027F86449C88006F062FB049062499C
:10478000C888FCF7A4FF05462A460B4659A10498A1
:1047900006F0D6FA5FA1049A079806F0C1FA5A48C3
:1047A000C089642802DD64205749C88106F048FBAF
:1047B00003905549C889FCF78AFF05462A460B46EF
:1047C0004CA1039806F0BCFA54A1039A079806F08E
:1047D000A7FA5448C0210D58803000221346416C7E
:1047E000284609F02DFA05D200224E48C0231A505F
:1047F000803042644B49C02045588031496C0022CA
:10480000494B284609F04EFA06D20022464845494F
:10481000C0235A508031486406F012FB0290414890
:10482000C0210D5880302A4632A1436C029806F010
:1048300087FA3EA1029A079806F072FA3948B82121
:104840000D58803000221346C16B284609F0F8F954
:1048500005D20020334AB82398508032D0633149C2
:10486000B82045588031C96B0022334B284609F0E7
:1048700019FA06D2002230492A48B8231A5080304B
:10488000C16306F0DDFA01902648B8210D5880304A
:104890002A4618A1C36B019806F052FA27A1019A83
:1048A000079806F03DFA28A1079A089806F038FA0A
:1048B000089806F0B7FB009021463846FCF747F908
:1048C000621E38460099FCF747F90098FBF7F7FCA1
:1048D000089806F0DFFA09B0F0BD000031320000A0
:1048E00069640000312E300076657273696F6E0066
:1048F0000000002076616C7565000000436F7665EE
:104900007253746174757300900000204348340042
:104910004832530052616461720000004261747455
:1049200065727900F0130020008066404C6F6E675E
:104930006974756465000000008056404C617469BC
:104940007475646500000000706172616D73000031
:1049500010B5034800F0FAFF024800F0F7FF10BD61
:10496000240900204C08002010B5034800F0EEFF99
:10497000024800F0EBFF10BD94080020DC08002086
:1049800030B51C25446C2C400125A540046C6560A5
:10499000046863608468102C04D10468A260046811
:1049A000E16003E00468A1600468E26030BD70B5B6
:1049B00003460024002010E00D5C461C8E5D36028C
:1049C0003543861C8E5D36043543C61C8E5D360627
:1049D0003543A6009D51641C001D9042ECD370BD70
:1049E00030B591B033E0402201A91D4808F005FC24
:1049F0000446002C00D12FE0002026E01949498808
:104A0000194A914209D201A90A5C16494B88498882
:104A1000491C144D69801549CA5412494988022914
:104A200011DB10494988891E104A515C0D290AD1B1
:104A30000C494988491E515C0A2904D10949097861
:104A4000491C084A1170411C88B2A042D6DB0448B8
:104A500008F095FB0028C6D000BF11B030BD0000A3
:104A6000D8000020900F002057020000F00F002017
:104A700030B503460C460A48834204D39000C01860
:104A8000084DA84201D9012030BD002104E0880072
:104A900018588D006051491C9142F8D30020F3E76B
:104AA00000000808FF170808F8B505460E46174627
:104AB000002000901C48854208D3B80040191B49CB
:104AC000884203D8A807800F002801D00120F8BD34
:104AD00072B601F0CDF800241EE0A100481901F0E3
:104AE00071F800900098002800D017E0A00032581C
:104AF000A0004119022001F085F8009000980028DC
:104B000000D00BE0A0002858A1007158884202D0C4
:104B10000120009002E0641CBC42DED300BF01F023
:104B200067F862B60098D2E700000808FF17080887
:104B300010B5202001F0E6F8FF20013001F0E2F886
:104B40000120000301F0DEF80120400301F0DAF853
:104B500010BD70B5034614460022002015E09500F4
:104B60004D5D1D5495004D5B2D042D0E461C9D552D
:104B700095004D592D022D0E861C9D5595004D59C1
:104B80002D0EC61C9D55521C001DA042E7D370BDC2
:104B900072B600BFFEE70000002039498969FF2294
:104BA00001321140914208D136494969022211432C
:104BB000344A5161FF210131084331498969012299
:104BC00052021140914208D12E49496901221143F4
:104BD0002C4A51610121490208432949896901226E
:104BE00092021140914208D1264949690822114395
:104BF000244A51610121890208432149896901221E
:104C0000D2021140914208D11E4949690422114340
:104C10001C4A51610121C9020843194989690122CD
:104C200052031140914208D116494969102211439B
:104C3000144A51610121490308431149896901223C
:104C400052041140914207D10E4949692022114373
:104C50000C4A516120210843094989690122120443
:104C60001140914208D10749496940221143054A40
:104C7000516101210904084301498861704700001E
:104C8000002002408015002070B5044601F05AF95A
:104C900005460BE0601C002808D0002C04D001F071
:104CA00051F9401BA04201D9032070BD1F48806903
:104CB000C007C00F0028EDD11C48806902210840C0
:104CC000022801D11949886118488069FF21013102
:104CD0000840884223D0154880694900084088422E
:104CE0001DD01248806949000840884217D00F48FB
:104CF000806949000840884211D00C4880698900C9
:104D0000084088420BD00948806909010840884260
:104D100005D00648806949100840884203D1FFF752
:104D20003BFF0120C1E70020BFE700000020024058
:104D300000B585B014216846FBF70BFF10480090C2
:104D4000032001900020029069460520000700F032
:104D5000E9FF0C4800900320019000200290694672
:104D6000094800F0DFFFFE200090032001900020A2
:104D700002906946054800F0D5FF05B000BD00006F
:104D8000E118000001FC0000000400500008005081
:104D900010B500210948817740384079002803D1B7
:104DA00001200749087002E0042005490870FF212E
:104DB00051310448FBF7CDFE10BD0000D00F00209C
:104DC00020000020400E002030B5FFB0FFB0C9B079
:104DD000FD480078002807D0FB480078122803D04F
:104DE000F9480078132803D17FB07FB049B030BDB7
:104DF000F6486844FFF7A4FA002800D1F4E7F24827
:104E00000078030005F068FD13F40B213951ABB8AD
:104E1000C4D9F9F2F1F0EFEEEDECEBEAF400EC4876
:104E20006844007E00280CD00220E7490870E12089
:104E3000C00008230022E7A10090E7A0FFF790FA46
:104E400002E01320E049087066E3E1486844007E10
:104E500000280ED004F0D2FA0320DB490870E120CC
:104E6000C00008230022DBA10090DEA0FFF778FA43
:104E700002E01320D44908704EE3D5486844007E10
:104E800000280ED004F0E8FA0420CF490870E12091
:104E9000C0000A230022D6A10090D6A0FFF760FA36
:104EA00002E01320C849087036E3C9486844007E10
:104EB000002850D004F080FAD1480079012832DD72
:104EC000CF48007963282EDA0021CD484030417761
:104ED000403800790C2802DA0F20C9490871C84807
:104EE000407900280CD10520B7490870E120C000A6
:104EF00001230022B7A10090C2A0FFF731FA2DE0F4
:104F00000C20B1490870C34BC3A201214902C6A8B5
:104F1000FBF704FBC7480823C7A2AEA10090C6A8B0
:104F2000FFF71EFA1AE0B6484030807F401CC1B23D
:104F3000B34840308177142903DD1320A24908705B
:104F40000CE0E120C0000A230022A9A10090A9A042
:104F5000FFF706FA02E013209B490870DCE2062006
:104F600099490870E120C0000123002299A1009016
:104F7000B3A0FFF7F5F9CFE2072093490870AD48D9
:104F80001423002293A10090B1A0FFF7E9F9C3E236
:104F90008F486844007E00280BD008208A4908709A
:104FA000AE48142300228BA10090ADA0FFF7D8F9E2
:104FB00002E0132084490870AEE285486844007E10
:104FC000002816D0092080490870A4481423002224
:104FD00080A10090A5A0FFF7C3F90DE053E289E29C
:104FE000D8E1DDE0B5E08AE046E029E01BE004E03E
:104FF0008EE21320744908708EE275486844007E82
:1050000000280CD00A2070490870E120C000082355
:10501000002270A1009098A0FFF7A2F902E01320EF
:105020006949087078E20B2067490870E120C000E8
:105030000523002267A1009096A0FFF791F96BE28B
:1050400063486844007E002812D0724B72A201218E
:105050004902C6A8FBF762FA0C205B490870754844
:10506000082375A25BA10090C6A8FFF779F902E0BA
:105070001320554908704FE255486844007E0028C7
:1050800039D06449743916A8FBF760FC614954397A
:105090001EA8FBF75BFC5F49343926A8FBF756FCDA
:1050A000FF20013046A90022009201910290804A1F
:1050B000002316A807F030F8002818DD46A8554947
:1050C00074390B4620337BA20091019001214902E3
:1050D000C6A8FBF723FA0D203B4908705548082362
:1050E0007CA23CA10090C6A8FFF73AF906E0132085
:1050F0003549087002E01320334908700CE2344847
:105100006844007E002820D001203D4948710E20CF
:105110002D4908703F4854380346203B6FA2FF21B9
:105120000131009086A8FBF7F9F986AB75A2012141
:105130004902C6A8FBF7F2F94848082377A225A13F
:105140000090C6A8FFF70CF902E013201E49087072
:10515000E2E11F486844007E00281DD00F201A4954
:1051600008702C4854380346203B6EA2FF210131C1
:10517000009086A8FBF7D2F986AB62A20121490212
:10518000C6A8FBF7CBF93548082364A211A100900B
:10519000C6A8FFF7E5F802E013200B490870BBE151
:1051A0000B486844007E00280CD05022684902A8B1
:1051B000FBF714F8102004490870164854380346C9
:1051C000203BC7E0E2E000002000002018050000BE
:1051D000000500004F4B000041542B51434349440C
:1051E0000D0A000041542B4347534E3D310D0A0038
:1051F0004353510041542B4353510D0A000000000A
:10520000900F002041542B514D54444953433D309D
:105210000D0A00006414002041542B514D544F508E
:10522000454E3D302C222573222C313838330D0A5F
:1052300000000000983A0000514D544F50454E0078
:1052400041542B514D54434C4F53453D300D0A00B2
:1052500041542B4346554E3D310D0A008813000042
:1052600041542B43455245473F0D0A0041542B43BF
:105270005245473D310D0A0041542B514D54434690
:10528000473D22636C6F7564222C302C332C310D1A
:105290000A00000041542B514D544346473D2273B0
:1052A000657373696F6E222C302C310D0A0000007B
:1052B00080D8DB7041542B514D54434F4E4E3D30FE
:1052C0002C222573222C222573222C222573220DB9
:1052D0000A000000514D54434F4E4E002473797321
:1052E0002F25732F25732F7468696E672F70726F67
:1052F00070657274792F706F73742F7265706C792A
:105300000000000041542B514D545355423D302C68
:10531000312C222573222C310D0A00002B514D54C3
:1053200053554200247379732F25732F25732F74DF
:1053300068696E672F70726F70657274792F64651B
:1053400073697265642F6765742F7265706C79007C
:1053500040E0000872A2FF210131009086A8FBF70F
:10536000DDF802A8FBF724FB044686AB76A20121F8
:1053700049020090C6A8FBF7D1F87B4808237BA21E
:105380007DA10090C6A8FEF7EBFF02E013207B4949
:105390000870C1E07A486844007E002868D07948E7
:1053A00005F0C0FF0546002D57D00024284606F022
:1053B000D3F800280BD17448816A7448806A81420E
:1053C00005D07248816A70488162601CC4B2284668
:1053D00006F012F9002817D16B48C16A6B48C06A01
:1053E000814211D06948C16A6748C1626748803804
:1053F000B82109588030C26B63488038B8231950EF
:105400008030C263601CC4B2284606F055F90028FB
:1054100017D15D48016B5D48006B814211D05B483C
:10542000016B5948016359488038C0210A588030BF
:10543000416C55488038C0231A5080304164601C4C
:10544000C4B2002C05D006F01FF87D20C00000F08B
:10545000A3FB2846FAF733FF00BF02204C498865BA
:1054600001214B484030017712204449087009E07F
:1054700002204749886501214548403001771220C4
:105480003E49087048E042484030C07F012830D192
:105490004048007900282CD102213D484030C17796
:1054A000FF2191313C48FFF701F937486038034646
:1054B000203B3AA2FF210131009086A8FBF72EF88D
:1054C0003548FBF775FA044686AB1FA20121490255
:1054D0000090C6A8FBF722F82348082323A226A1A0
:1054E0000090C6A8FEF73CFF002802D011202349F7
:1054F000087011E031486844FEF722FF002806D00A
:1055000012201E490870032121484030C17703E072
:1055100013201A49087000BF00BF00BF64E40000F8
:10552000247379732F25732F25732F7468696E6721
:105530002F70726F70657274792F6465736972650C
:10554000642F67657400000041542B514D54505531
:105550004245583D302C312C312C302C22257322E1
:105560002C25640D0A000000881300002B514D54B7
:1055700052454356000000004F4B00002000002021
:1055800000050000F00F00207014002038150020E6
:10559000900F0020800F00204812002024737973A0
:1055A0002F25732F25732F7468696E672F70726FA4
:1055B00070657274792F706F7374000018050000A5
:1055C00000B587B0142102A8FBF7C3FA00BF7A48E0
:1055D000C06A012108437849C8620846C06AC0070A
:1055E000C00F019000BF00BF00BF0846C06A022183
:1055F00008437149C8620846C06A02210840019008
:1056000000BF00BF00BF6C48C06A042108436A495C
:10561000C8620846C06A04210840019000BF00BF6C
:10562000480302900120039000200490012005907F
:1056300002A90520000700F075FB0420029001205C
:105640000390002004900120059002A95B4800F01F
:1056500069FB012040020290012003900020049089
:105660000120059002A9554800F05CFB1020029033
:1056700001200390002004900120059002A905203C
:10568000000700F04FFB0220029001200390002051
:1056900004900120059002A9484800F043FB012036
:1056A0004002029001200390002004900120059008
:1056B00002A9434800F036FBFF2001300290012090
:1056C0000390002004900120059002A93C4800F0BE
:1056D00029FBFF200130029011200390002004904C
:1056E0000120059002A90520000700F01BFB022005
:1056F000029001200390002004900120059002A94F
:105700000520000700F00EFB01200290039000200E
:1057100004900120059002A9294800F003FB2020F5
:1057200002902120000403900020049002A9234845
:1057300000F0F8FAFF2001300290112000040390DD
:105740000020049002A91D4800F0ECFA012040035B
:1057500002901120000403900020049002A9184830
:1057600000F0E0FA012000030290212000040390E1
:105770000020049002A9124800F0D4FA0022114936
:105780000520000700F0D8FB00220F490B4800F06D
:10579000D3FB00220C49FB31094800F0CDFB00226D
:1057A0000121072000F0FAFE072000F0E9FEFFF7D4
:1057B000BFFA07B000BD0000001002400004005016
:1057C00000080050128100000602000010B50322FC
:1057D0000249022007F084FF10BD000015000020E0
:1057E000F0B58DB0182107A8FBF7B3F9182101A86F
:1057F000FBF7AFF900240027264807F093FC074683
:10580000002F01D10DB0F0BD152F01DD152000E0F6
:1058100038460646324607A91E4807F0CDFC00254B
:105820002EE007A8405D0A2828D1681C84B22246D1
:1058300001A9184807F0E1FC002C06DD601E01A953
:10584000085C0A2801D1601E84B2002C06DD601EAF
:1058500001A9085C0D2801D1601E84B2002001A9B5
:105860000855002C09DD68460079432805D101A8B8
:1058700007F098F8074807F060FCC3E7681C85B29A
:10588000B542CEDB152E02D1024807F05DFC00BF09
:10589000B8E7000008020020014600222520405CF5
:1058A000022808D00420C86300BF002324204354EA
:1058B00000BF01207047086800680E2398430B68FA
:1058C000186008680068400840000B6818601C23D6
:1058D000486C184001238340086C43600123252055
:1058E000435400BF00232420435400BF1046E1E787
:1058F00070B5044600252520005D022803D0042051
:10590000E063012520E0206800680E2188432168BB
:1059100008602068006840084000216808601C2179
:10592000606C084001218140206C416001212520EC
:10593000015500BF00212420015500BFA06B0028A5
:1059400002D02046A16B8847284670BD70B504463A
:10595000206C0568206806681C20616C01400420EA
:105960008840284000281DD004203040002819D04D
:105970002068006820210840002805D120680068C0
:1059800004218843216808601C21606C08400421C0
:105990008140206C4160206B00285AD02046216B4A
:1059A000884756E01C20616C014002208840284056
:1059B000002825D002203040002821D0206800682F
:1059C00020210840002808D1206800680A21884367
:1059D000216808600121252001551C21606C0840C8
:1059E00002218140206C416000BF0021242001552C
:1059F00000BFE06A00282CD02046E16A884728E0F2
:105A00001C20616C0140082088402840002820D0DC
:105A10000820304000281CD0206800680E218843F0
:105A2000216808601C21606C084001218140206CC5
:105A300041600120E06301212520015500BF0021C4
:105A40002420015500BF606B002802D02046616B06
:105A5000884770BD70B50446002C01D1012070BD8F
:105A6000244A2168881A1421FBF7F0F8800060644A
:105A70002048083820640221252001552068056847
:105A80001D480540E168A068084321690843616931
:105A90000843A1690843E1690843216A08430543B3
:105AA0002068056001218903A068884217D0114849
:105AB0007830806A1C22616C11400F228A4090432A
:105AC0000C49783188621C22616C11406068884002
:105AD00008497831896A084306497831886200208C
:105AE000E0630121252001550021242001550020DB
:105AF000B5E70000080002400F80FFFFF8B504463C
:105B00000D4616461F460020009000BF2420005D71
:105B1000012801D10220F8BD01212420015500BF38
:105B20002520005D01282DD10221252001550020CE
:105B3000E0632068006840084000216808603B4638
:105B4000324629462046FEF71BFF206B002806D070
:105B5000206800680E210843216808600BE0206877
:105B600000680421884321680860206800680A21D1
:105B70000843216808602068006801210843216803
:105B8000086006E000BF00212420015500BF02206C
:105B900000900098BFE7000070B5044600F0D2F90D
:105BA00006462546681C002802D0054800782D18B6
:105BB00000BF00F0C7F9801BA842FAD370BD0000F7
:105BC0006C00002070B5044600250748FFF75CF81C
:105BD0000546002D06D10549486120600248FFF7BF
:105BE00053F80546284670BD50C3000080150020BC
:105BF000034840680121084301494860002070477C
:105C000000200240F8B504460D46164600BF16486F
:105C1000007C012801D10220F8BD0120124908743E
:105C200000BF1248FFF730F80746002F14D10E4985
:105C30004861022C01D12E6008E0012C01D12E8098
:105C400004E0002C01D12E7000E00127002F03D1C9
:105C50000648FFF719F8074600BF002002490874FC
:105C600000BF3846D8E700008015002050C3000070
:105C70000F484068C007C00F002816D000BFEFF3E0
:105C80001080014600BF72B60A48094AD0600A482F
:105C9000D06000BF81F3108800BF10464068C00785
:105CA000C00F002801D0012070470020FCE7000051
:105CB00000200240EFCDAB890504030220280CD060
:105CC000C11FF93900290CD00F221202891A10D0F5
:105CD00001221203891A10D107E00121084AD1706C
:105CE0000CE00121064A117008E00121044A91707C
:105CF00004E00121024A117100E000BF00BF7047BB
:105D00000000002010B504460548406920400028E6
:105D100004D0034844612046FFF7D0FF10BD0000C7
:105D20000004014070B502460B460021002400200B
:105D3000E1E001268E401D6835402C46002C79D0CC
:105D40001D79AD07AD0F012D04D01D79AD07AD0F45
:105D5000022D18D190684E000325B5400646AE438B
:105D600030464E00DD68B5402843906050680125FC
:105D70008D400646AE43304610265D6835402D09FD
:105D80008D40284350601D79AD07AD0F032D0BD01A
:105D9000D0684E000325B5400646AE4330464E005F
:105DA0009D68B5402843D0601D79AD07AD0F022D29
:105DB00015D1CD08AE0015462035A8594D07EE0E79
:105DC0000F25B5400646AE4330464E07F60E1D6918
:105DD000B5402843CD08AD001646203670511068F6
:105DE0004E000325B5400646AE4330461D79AD074B
:105DF000AD0F4E00B54028431060032636045D68A1
:105E00003540002D76D03F4D6D6B012635433D4E1C
:105E100075633D4D8E08B600A8598D072E0F0F25CE
:105E2000B5400646AE43304605252D07AA4202D1AD
:105E300000251AE05EE0354DAA4201D1012514E0AB
:105E4000334DAA4201D102250FE0324DAA4201D1C1
:105E500003250AE0304DAA4201D1042505E02F4D6B
:105E6000AA4201D1052500E006258E07360FB54070
:105E70002843254D8E08B600A851294DA86805462F
:105E8000A5432846012636055D683540002D02D021
:105E9000054625432846224DA860E8680546A543E7
:105EA0002846012676055D683540002D02D005465E
:105EB000254328461A4DE86068680546A5432846EC
:105EC000012676045D683540002D02D00546254345
:105ED0002846134D686028680546A54328460126D4
:105EE00036045D683540002D02D00546254328461E
:105EF0000B4D2860491C1D68CD40002D00D018E7CF
:105F000070BD000000100240080001400004005075
:105F100000080050000C005000100050001C005001
:105F20000004014010B5426913460B401B040C46A7
:105F300094432343836110BD002A01D0816100E0B6
:105F400081627047014800687047000064000020CB
:105F500002464120805C20282FD100BF4020805C79
:105F6000012801D10220704701234020835400BF43
:105F700024234120835410680068400840001368BF
:105F800018601068006801231B03984313681860A9
:105F900010680068084313681860106800680123DF
:105FA00018431368186020234120835400BF002346
:105FB0004020835400BF0020D5E70220D3E710B56E
:105FC00002460B464120805C20282ED100BF402095
:105FD000805C012801D1022010BD0124402084549E
:105FE00000BF242441208454106800684008400009
:105FF00014682060106801680F2424020846A0433A
:10600000014618020143106801601068006801240D
:1060100020431468206020244120845400BF0024C1
:106020004020845400BF0020D6E70220D4E70000BF
:1060300010B50446002C01D1012010BD4120005DA7
:10604000002805D1002140200155204600F00EFA1D
:106050002421412001552068006840084000216843
:1060600008600F210906606888432168086120687C
:1060700080680121C903884321688860E06801289D
:1060800006D10121C903A06808432168886005E0A2
:1060900021218902A068084321688860E0680228FD
:1060A00007D1206840680121C9020843216848607F
:1060B00006E0206840680121C902884321684860E1
:1060C0002068406814490843216848602068C06817
:1060D0000121C90388432168C860616920690843B8
:1060E000A169090208432168C860216AE069084380
:1060F0002168086020680068012108432168086061
:1061000000206064202141200155002020630021EF
:1061100042200155002090E700800002FFB583B0C7
:1061200004460C9F0E9E4120005D20287ED1002F4A
:1061300002D00D98002805D10120400260640120A2
:1061400007B0F0BD00BF4020005D012801D1022052
:10615000F6E701214020015500BFFFF7F3FE054699
:1061600019230122D1032046009502F09BFA002852
:1061700001D00120E4E722214120015540214220A5
:1061800001550020606467620D986085002060639F
:1061900000960195204604A90EC902F0E5F90028F1
:1061A00006D000BF00214020015500BF0120C7E7F5
:1061B000608DFF280CD90120208541480090208D5A
:1061C000C2B201231B062046049902F04DFA0BE0EF
:1061D000608D20853A480090208DC2B201235B0675
:1061E0002046049902F040FA00BF33460022042101
:1061F0002046009502F056FA002801D001209FE7C2
:106200002068406A616A0870606A401C6062208D84
:10621000401E2085608D401E6085608D00282BD03B
:10622000208D002828D13346002200E045E080215F
:106230002046009502F036FA002801D001207FE7C1
:10624000608DFF280CD90120208500200090208D32
:10625000C2B201231B062046049902F005FA0BE0A6
:10626000608D208500200090208DC2B201235B0646
:106270002046049902F0F8F9608D0028B5D12A462D
:106280003146204602F04DFA002801D0012057E7A0
:1062900020202168C861206840680A4908402168B8
:1062A000486020214120015500214220015500BFB6
:1062B0004020015500BF002042E7022040E70000D7
:1062C0000024008000E800FEFFB583B004460C9F68
:1062D0000E9E4120005D20287ED1002F02D00D9817
:1062E000002805D1012040026064012007B0F0BD04
:1062F00000BF4020005D012801D10220F6E7012106
:106300004020015500BFFFF71DFE0546192301225D
:10631000D1032046009502F0C5F9002801D00120E4
:10632000E4E7212141200155402142200155002070
:10633000606467620D986085002060630096019537
:10634000204604A90EC902F04FF9002806D000BF6C
:1063500000214020015500BF0120C7E7608DFF28C4
:106360000CD9FF20208500200090208DC2B201238F
:106370001B062046049902F077F90BE0608D20851A
:1063800000200090208DC2B201235B0620460499B4
:1063900002F06AF900BF2A463146204602F0F4F9BD
:1063A000002801D00120A1E7606A00782168886296
:1063B000606A401C6062608D401E6085208D401EBA
:1063C0002085608D00282BD0208D002828D13346D1
:1063D00000228021204600E043E0009502F062F9AF
:1063E000002801D0012081E7608DFF280CD9FF2013
:1063F000208500200090208DC2B201231B0620467C
:10640000049902F031F90BE0608D208500200090A6
:10641000208DC2B201235B062046049902F024F9C4
:10642000608D0028B7D12A463146204602F079F91E
:10643000002801D0012059E720202168C861206888
:1064400040680949084021684860202141200155E1
:1064500000214220015500BF4020015500BF00200F
:1064600044E7022042E7000000E800FE7047000019
:1064700003480068034909784018014908607047DB
:10648000640000206C00002010B50024084800685B
:106490004021084306490860032000F00BF800285B
:1064A00001D0012401E000F02FF8204610BD0000CB
:1064B0000020024070B50446104801787D20C000DD
:1064C000FAF7C4FB064631460D480068FAF7BEFBF2
:1064D000054600F0C9FF002801D0012070BD042C42
:1064E00007D200222146501E00F058F805480460EB
:1064F00001E00120F2E70020F0E700006C0000203E
:1065000010000020680000200648406B012108436D
:10651000044948630846806B0904084301498863BD
:1065200070470000001002400146002905DBCB0641
:10653000DB0E01229A40024B1A6000BF7047000038
:1065400080E200E00146002915DBCB06DB0E0122CC
:106550009A400A4B1A6000BF00BF00BFBFF34F8FC5
:1065600000BF00BF00BF00BF00BF00BFBFF36F8F01
:1065700000BF00BF00BF00BF7047000080E100E027
:106580000146002905DBCB06DB0E01229A40024BB7
:106590001A6000BF7047000000E100E070B50446DB
:1065A0000D4616462946204604F0BAF970BD000093
:1065B00070B5024600201D4D2D680126760235403B
:1065C0002B461B4D2D6AEC07E40F002B06D0002C48
:1065D00004D0164D2D68B543144E3560134D286810
:1065E00080088000054615432846104D2860114D4F
:1065F0002D69042635430F4E3561012901D130BF85
:1066000002E040BF20BF20BF0A4D2D690426B543DC
:10661000084E3561002B08D0002C06D0034D2D68A4
:10662000012676023543014E356070BD0070004092
:106630000000014000ED00E0F8B5044600272021ED
:106640002068084020287BD120680840202800D1FD
:1066500000BF8B48806B012109070840002805D145
:106660008748806B0843864988630127854800680E
:10667000FF2101310840002816D1824800680843F4
:1066800080490860FFF75EFC064606E0FFF75AFC0B
:10669000801B642801D90320F8BD7A480068FF21D7
:1066A000013108400028F1D075480568032109052B
:1066B0000D4060680840A8420DD00911606808408C
:1066C000884208D16E480068012149040840884288
:1066D00001D10120E0E76A48403000690321090444
:1066E00008400546002D3DD060680840A84239D0DA
:1066F000202120680840202834D1614840300069BA
:1067000003210904884305465D48403000690121A2
:10671000C90408435A49403108610846006901210B
:10672000C90488435649403108610846056180150F
:1067300028408915884215D1FFF704FC064608E079
:106740003DE0FFF7FFFB801B4F49884201D9032042
:10675000A2E74B4840300069012149020840400A45
:106760000028EED020212068084020281FD100BF3B
:1067700000BF032109046068084088420AD14048EC
:10678000006809018843032212056168114008432B
:106790003B49086000BF3A484030006903221204B8
:1067A00061681140084336494031086100BF012F3C
:1067B00005D13348806B3907884331498863207895
:1067C000C007C00F002809D02D484030C06880089D
:1067D0008000A16808432A494031C860022120682E
:1067E0000840022809D126484030C0680C2188435F
:1067F000E168084322494031C8600421206808400C
:1068000004280AD11E484030C06803218902884309
:10681000216908431A494031C860082120680840AE
:1068200008280AD116484030C0680321090388436C
:106830006169084312494031C860FF210131206875
:10684000084088420AD10E484030C068032109043C
:106850008843A16908430A494031C8608021206803
:10686000084080280AD106484030C06803218904C6
:106870008843E169084302494031C86000200BE7C2
:10688000001002400070004088130000F8B5044674
:106890000E46002C01D10120F8BD83480068C007D6
:1068A000C00FB04218D28048006840084000304312
:1068B0007D490860FFF746FB054607E0FFF742FB0E
:1068C000401B7A49884201D90320E5E776480068F1
:1068D000C007C00FB042F1D1022120680840022851
:1068E00007D17348C068F0218843A1680843704904
:1068F000C8602078C007C00F00284CD0606802280C
:1069000009D16B480068012149040840400C002867
:1069100024D10120C0E76068032809D164480068D9
:10692000012149060840400E002817D10120B3E795
:106930006068012808D15E4800680421084080088A
:1069400000280BD10120A7E759480068012149021E
:106950000840400A002801D101209DE75448C06842
:1069600080088000616808435149C860FFF7EAFA6F
:106970000546606802280FD107E0FFF7E3FA401BE5
:106980004A49884201D9032086E74948C0680C215A
:1069900008400828F1D134E0606803280FD107E0EF
:1069A000FFF7D0FA401B4149884201D9032073E721
:1069B0003F48C0680C2108400C28F1D121E06068F4
:1069C00001280FD107E0FFF7BDFA401B3749884285
:1069D00001D9032060E73648C0680C21084004282C
:1069E000F1D10EE007E0FFF7ADFA401B2F498842D6
:1069F00001D9032050E72E48C0680C210840002828
:106A0000F1D129480068C007C00FB04218D9264804
:106A1000006840084000304323490860FFF792FABD
:106A2000054607E0FFF78EFA401B2049884201D94E
:106A3000032031E71C480068C007C00FB042F1D105
:106A4000042120680840042808D11948C06807219B
:106A500009028843E16808431549C8600821206895
:106A60000840082809D11248C0680721C902884394
:106A70002169C90008430E49C86000F04BF80C4971
:106A8000C968F022114009090A4A515CC8400A4904
:106A900008600A480068FFF70DFD0746002F01D087
:106AA0003846F9E60020F7E600200240881300008F
:106AB000001002401CE000081000002068000020C8
:106AC00001480068704700001000002000B5FFF783
:106AD000F7FF0549C968072212021140090A034A53
:106AE000515CC84000BD0000001002402CE00008CE
:106AF00000B5FFF7E5FF0549C9680722D20211403A
:106B0000C90A034A515CC84000BD000000100240A1
:106B10002CE00008FEB52E48C7680C20384000283D
:106B200045D0042804D008280CD00C283ED10BE016
:106B30002748006810210840002801D0254C00E0BB
:106B4000254C41E0254C3FE00F2080043840800C6C
:106B500023490E5C032080053840800D401C0190C5
:106B60001B48C068012109040840002807D01B49C0
:106B7000714308460199FAF769F8054614E014488C
:106B8000006810210840002807D0124971430846C8
:106B90000199FAF75BF8054606E00F49714308468C
:106BA0000199FAF753F805462C460DE000BF084856
:106BB0004068072149030840400B00900098401CA2
:106BC00001218140CC0300BF00BF2046FEBD000074
:106BD0000010024000093D000024F40000127A0079
:106BE00034E00008FEB50446002C01D10120FEBDB2
:106BF000FB48C7680C210F40C06801210904084008
:106C000001902078C007C00F002872D0082F04D050
:106C10000C2F0FD1019888420CD1F1480068012156
:106C200049040840400C002863D06068002860D107
:106C30000120DCE700BF012109046068884205D11A
:106C4000E74800680843E649086027E00521090491
:106C5000606888420ED1E248006801218904084337
:106C6000DF49086008460068012109040843DC493F
:106C7000086013E0DA480068012109048843D84914
:106C8000086008460068012109040840009000BF20
:106C9000D348006889008843D149086000BF606814
:106CA000002813D0FFF74EF9054606E0FFF74AF932
:106CB000401B642801D9032099E7C94800680121D5
:106CC00049040840400C0028F0D012E0FFF73AF9E0
:106CD000054606E0FFF736F9401B642801D903207A
:106CE00085E7BF480068012149040840400C00289E
:106CF000F0D102212068084002286CD1E6682020EB
:106D00003040002809D0B648006820210843B44923
:106D100008602021304688430646042F04D00C2FFB
:106D200034D10198002831D1AD48006804210840D1
:106D30008008002803D0002E01D1012057E7A84881
:106D400040681F2109028843216909020843A449B8
:106D5000486008460068092188433043A04908601C
:106D6000FFF7D8FE9E49C968F022114009099D4AE3
:106D7000515CC8409C4908609C480068FFF79AFB3A
:106D80000290029800283FD0029830E7002E23D0CE
:106D90009348006809218843304391490860FFF710
:106DA000D1F8054606E0FFF7CDF8401B022801D9CF
:106DB00003201CE78A480068042108408008002856
:106DC000F1D0874840681F210902884321690902E0
:106DD00008438349486017E0814800684008400044
:106DE0007F490860FFF7AEF8054606E0FFF7AAF80E
:106DF000401B022801D90320F9E6794800680421E4
:106E0000084080080028F1D110212068084010288F
:106E100068D1002F37D17248006849010840400A04
:106E2000002804D0A069002801D10120DFE66C48C9
:106E30004068072149038843216A0843684948603C
:106E4000084640680002000A217F09060843644999
:106E50004860206A400B401C01218140C803604902
:106E6000C968F022114009095E4A515CC8405E4978
:106E700008605E480068FFF71DFB0290029800283A
:106E80004BD00298B3E6A06900282CD05448006883
:106E9000FF210131084352490860FFF753F80546C6
:106EA00006E0FFF74FF8401B022801D903209EE6B9
:106EB0004B480068012149020840400A0028F0D0F0
:106EC00047484068072149038843216A08434449E9
:106ED0004860084640680002000A217F090608430E
:106EE0003F49486019E03E480068FF21013188436E
:106EF0003B490860FFF726F8054606E0FFF722F851
:106F0000401B022801D9032071E6354800680121A1
:106F100049020840400A0028F0D1082120680840B2
:106F2000082839D1606900281BD02D4840300069FD
:106F3000012108432A4940310861FFF703F805465B
:106F400006E0FEF7FFFF401B022801D903204EE6B2
:106F50002348403000690221084040080028F0D052
:106F60001AE01F4840300069400840001C49403189
:106F70000861FEF7E7FF054606E0FEF7E3FF401B6A
:106F8000022801D9032032E6154840300069022169
:106F9000084040080028F0D1042120680840042857
:106FA0007BD1002000900E48806B890608400028A5
:106FB00006D10B48806B0843094988630120009083
:106FC0000B480068FF2101310840002820D1084803
:106FD0000068084306490860FEF7B4FF054610E064
:106FE000001002401CE00008100000206800002093
:106FF00000700040FEF7A6FF401B642801D9032063
:10700000F5E587480068FF21013108400028F1D0EC
:1070100000BFFF210131A068884205D18148006985
:1070200008438049086130E0A06800280DD17D4800
:107030000069FF21013188437A49086108460069E7
:1070400009158843774908611FE005210902A068F6
:1070500088420DD1734800690121890208437149B2
:10706000086108460069891508436E4908610CE00B
:107070006C480069FF21013188436A49086108466C
:107080000069091588436749086100BFA0680028A6
:1070900015D0FEF757FF054608E031E0FEF752FF36
:1070A000401B6149884201D90320A0E55D48006981
:1070B000012149020840400A0028EFD013E0FEF702
:1070C00041FF054607E0FEF73DFF401B5649884259
:1070D00001D903208BE5534800690121490208408A
:1070E000400A0028EFD10098012808D14D484038C7
:1070F000806B0121090788434A494039886300BFF2
:10710000606A00284CD00C2F69D0606A022848D1F0
:107110004448403800680121090688434149403904
:107120000860FEF70FFF054606E0FEF70BFF401B69
:10713000022801D903205AE53A4840380068012165
:1071400049060840400E0028EFD1E16AA06A0843D2
:10715000216B084333494039C968FD221204914329
:10716000084330494039C8600846006801210906D3
:1071700008432C4940390860FEF7E4FE054606E066
:10718000FEF7E0FE401B022801D903202FE5254829
:1071900040380068012149060840400E0028EFD021
:1071A0003CE02048403800680121090688431D4919
:1071B00040390860FEF7C6FE054606E0FEF7C2FE4F
:1071C000401B022801D9032011E516484038006809
:1071D000012149060840400E0028EFD11EE0606AF8
:1071E000012800D103E50F484038C0680190012113
:1071F000090401980840A16A88420DD10F21890431
:1072000001980840E16A884206D103218905019866
:107210000840216B884201D00120E8E40020E6E428
:1072200000700040401002408813000070B5044612
:10723000002500BF2020005D012801D1022070BD83
:1072400001212020015500BF02212120015500BF4E
:10725000CA202168486253202168486200BF206824
:1072600080680121890288432168886020688068DD
:1072700001218903884321688860FEF763FE054683
:1072800015E0FEF75FFE401B7D21C90088420ED944
:1072900000BFFF202168486200BF03212120015563
:1072A00000BF00212020015500BF0320C7E7206850
:1072B000C0680421084080080028E2D000BFFF20F9
:1072C0002168486200BF01212120015500BF002133
:1072D0002020015500BF0020B1E7000004490968E3
:1072E00004221143024A11600121024A5170704781
:1072F000007000400000002010B504460120000589
:107300000F49486120688068012189030840800B8B
:10731000002811D02068C06809110840800A0028A0
:107320000AD02068C06880210840064908432168C7
:10733000C8602046FFF7D2FF01212120015510BD72
:10734000000401407FFBFFFF70B504460125002CBF
:1073500001D1012070BD2120005D002805D1002150
:1073600020200155204600F055F80221212001552A
:107370002068C068102108400009002840D100BFE3
:10738000CA202168486253202168486200BF204615
:1073900002F0ECF80546002D1DD1206880681C49DC
:1073A000084021688860216960680843A169084332
:1073B000216889680843216888602168E06808615D
:1073C0002068006921890904084321680861204672
:1073D00002F0F5F80546002D0DD12068C06C80083C
:1073E00080002168C8646169E06908432168C96C4C
:1073F00008432168C86400BFFF202168486200E09C
:107400000025002D02D10121212001552846A1E7A8
:10741000BFFF8FFF7047000070B5044600250C4881
:107420002168C860FEF78EFD054608E0FEF78AFD7C
:10743000401B7D21C900884201D9032070BD20680E
:10744000C068202108400028F0D00020F6E70000A6
:107450005FFF0100034800690221084301490861F8
:107460007047000000E000E070B504462546681E45
:107470000949884201D901200CE0681E074948618A
:107480000321081F03F04CFA0020044988610720FB
:107490000861002070BD0000FFFFFF0000E000E079
:1074A00003480069022188430149086170470000D0
:1074B00000E000E030B502460B4600BF3820805C9B
:1074C000012801D1022030BD01253820855400BF9C
:1074D0000225392085541068446810688168702539
:1074E0002046A843044618680443106844600125F8
:1074F000AD071068A8420BD00E4D1068A84207D007
:107500000D4D1068A84203D00C4D1068A84207D159
:1075100080250846A84301465868014310688160E9
:1075200001253920855400BF00253820855400BF2F
:107530000020C8E70004004000080140001401409A
:1075400010B50446002C01D1012010BD3920005D8A
:10755000002805D1002138200155204600F018F8F8
:10756000022139200155211D206802F0DFF9012197
:107570003E20015500BF3A2001553B2001553C20DB
:1075800001553D20015500BF392001550020DCE7A1
:107590007047000001463920405C012801D00120DD
:1075A00070470223392043540868C06801231843F8
:1075B0000B68D86001239B07086898420BD0104BDA
:1075C0000868984207D00F4B0868984203D00E4BCA
:1075D000086898420CD1086880684207520F062A52
:1075E0000CD008680068012318430B68186005E098
:1075F00008680068012318430B6818600020CFE773
:1076000000040040000801400014014001460868E1
:10761000C068400840000A68D06000BF0868006A7F
:10762000074A1040002805D108680068400840005B
:107630000A68106000BF01223920425400207047C0
:1076400011110000F8B504460D460020009000BF5F
:107650003820005D012801D10220F8BD0121382029
:10766000015500BF02213920015520688668772125
:10767000304688430646FF210902304688430646C5
:10768000206886602868502834D00CDC202851D02F
:1076900004DC00284CD0102852D14AE030284AD0CF
:1076A00040284DD13AE060282ED0702807D0012123
:1076B0000903401A02D0401A42D10DE043E0EB68C2
:1076C0006A68A968206802F073F9206886687720E4
:1076D00006432068866036E0EB686A68A96820681F
:1076E00002F066F920688068012189030843216857
:1076F000886028E0EA686968206802F073F9502120
:10770000206802F063F91EE0EA686968206802F008
:1077100082F96021206802F059F914E0EA6869688A
:10772000206802F05FF94021206802F04FF90AE07A
:1077300000BF00BF00BF2968206802F047F902E0DF
:107740000120009000BF00BF01213920015500BF7A
:1077500000213820015500BF00987EE7704770B5C2
:1077600004462068C5682068066902203040022867
:1077700019D12840022816D1401F21680861012034
:107780002076206880698007800F002803D020467B
:10779000FFF7E4FF05E0204600F07EF8204600F009
:1077A0007CF8002020760420304004281AD128409C
:1077B000042817D1C0432168086102202076206880
:1077C0008069032109020840002803D02046FFF702
:1077D000C5FF05E0204600F05FF8204600F05DF8A8
:1077E0000020207608203040082819D12840082899
:1077F00016D1C04321680861042020762068C06942
:107800008007800F002803D02046FFF7A7FF05E080
:10781000204600F041F8204600F03FF80020207696
:107820001020304010281AD12840102817D1C0430A
:1078300021680861082020762068C06903210902B8
:107840000840002803D02046FFF788FF05E02046C7
:1078500000F022F8204600F020F800202076F00703
:10786000C00F00280AD0E807C00F002806D001206A
:10787000C04321680861204600F010F840203040E5
:10788000402808D12840402805D1C043216808611C
:10789000204600F004F870BD70477047704770478D
:1078A00070B504460D462449206888420BD12A460B
:1078B0002249234805F0C5FCFF222D321F492046EE
:1078C00000F098FA37E01F49206888420ED12A4616
:1078D0001D491E4805F0B5FC02201D490870FF2215
:1078E0002D321949204600F085FA24E01949206814
:1078F00088420ED12A461849184805F0A2FC0420F7
:1079000013490870FF222D321349204600F072FA05
:1079100011E01349206888420DD12A4611491248C6
:1079200005F08FFC05200A490870FF222D320D4911
:10793000204600F05FFA70BD003801406C0900205D
:10794000D800002000440040980A002008020020CF
:1079500014000020004C0040C40B0020380300201D
:1079600000500040F00C0020680400207047704771
:10797000F0B585B004462068C569206806682068AF
:107980008768F84828400390039800280FD12020EA
:10799000284000280BD020203040002807D0A06EBF
:1079A000002802D02046A16E884705B0F0BD03989C
:1079B00000287DD0F807C00F002803D1EA483040E6
:1079C0000028F6D0E807C00F00280DD0FF200130B6
:1079D0003040002808D00120216808628420005926
:1079E00001210843842108510220284000280CD09E
:1079F000F807C00F002808D0022021680862842000
:107A000000590421084384210851042028400028FB
:107A10000CD0F807C00F002808D0042021680862A5
:107A2000842000590221084384210851082028405D
:107A3000002810D020203040002803D1F807C00FC4
:107A4000002808D0082021680862842000590821F5
:107A50000843842108510120C002284000280ED08C
:107A6000012080063040002809D00120C002216892
:107A70000862842000592021084384210851842071
:107A80000059002854D020202840002809D0202068
:107A90003040002805D0A06E002802D02046A16EFC
:107AA000884784200059029020688068402100E0C7
:107AB0003FE00840402804D02821029808400028D0
:107AC00030D0204602F088F92068806840210840C4
:107AD000402823D100BF02F05FFF0190012002F097
:107AE000CDFF206880684021884321688860019824
:107AF00002F0C4FF00BF606F00280BD09B48616F8D
:107B00008863606FFDF7F4FE002811D0606F816B11
:107B100088470DE02046FFF72AFF09E02046FFF7DF
:107B200026FF05E02046FFF722FF002184200151B7
:107B30003BE7206E01287DD110202840002879D015
:107B4000102030400028FAD01020216808622068F8
:107B500080684021084040286DD1606F006840680F
:107B600080B20190019800286BD05820015B0198E9
:107B7000814266DD5A2101980853606F00680068F1
:107B80002021084000284CD100BF02F005FF0090E2
:107B9000012002F073FF20680068FF210131884353
:107BA00021680860009802F069FF00BF00BF02F082
:107BB000F3FE0090012002F061FF20688068400819
:107BC000400021688860009802F058FF00BF00BFA5
:107BD00002F0E2FE0090012002F050FF2068806871
:107BE0004021884321688860009802F047FF00BF69
:107BF0002021802001510020206600BF02F0CCFE31
:107C00000090012002F03AFF2068006810218843AC
:107C100021680860009802F031FF00BF606FFDF737
:107C20003BFE022060665820025B5A20005B101A5F
:107C300081B202E068E018E003E02046FFF730FE82
:107C400012E05820015B019881420DD1606F0068FD
:107C5000006820210840202806D1022060665820B4
:107C6000015B2046FFF71CFE9FE65820015B5A206F
:107C7000005B081A80B201905A20005B002842D0B5
:107C8000019800283FD000BF02F086FE009001203E
:107C900002F0F4FE20680068FF212131884321684A
:107CA0000860009802F0EAFE00BF00BF02F074FE18
:107CB0000090012002F0E2FE206880684008400049
:107CC00021688860009802F0D9FE00BF2021802042
:107CD000015100202066A06600BF02F05DFE00900A
:107CE000012002F0CBFE2068006810218843216843
:107CF0000860009802F0C2FE00BF022060662046C5
:107D00000199FFF7CDFD50E601200005284000282D
:107D10000CD0012080053840002807D00120000544
:107D2000216808622046FFF721FE3EE680202840B9
:107D300000280AD080203040002806D0E06E0028BD
:107D400002D02046E16E88472FE6402028400028D8
:107D50000ED04020304000280AD0204602F07CF8A7
:107D600023E600000F08000020010004399C0008F1
:107D700000BF1AE610B50446002C01D1012010BD49
:107D8000A069002800D000E000BFE06F002805D106
:107D9000002178200155204600F02BF82420E067D0
:107DA000206800684008400021680860606A002878
:107DB00002D0204601F048FE204602F07FF801285C
:107DC00000D1DCE7206840680921C90288432168A6
:107DD0004860206880682A2188432168886020687C
:107DE00000680121084321680860204601F0A4FED4
:107DF000C5E77047F8B504460D4616468020005981
:107E0000202838D1002D01D0002E01D10120F8BD4D
:107E100001210903A068884208D12069002805D102
:107E2000E807C00F002801D00120F0E700202066FD
:107E300012492068884218D0206840680121C9058D
:107E40000840002811D000BF02F0A6FD074601201F
:107E500002F014FE206800680121890608432168A9
:107E60000860384602F00AFE00BF32462946204626
:107E700002F0BCF9CBE70220C9E70000004800404F
:107E800070477047F8B504460D461646E06F202847
:107E90003FD1002D01D0002E01D10120F8BD0121DC
:107EA0000903A068884208D12069002805D1E807A5
:107EB000C00F002801D00120F0E7E56450200653F0
:107EC000522006530020E066002184200151212029
:107ED000E06701210903A068884205D120690028D4
:107EE00002D10D48E06601E00C48E06600BF02F0F8
:107EF00053FD0746012002F0C1FD20680068802183
:107F0000084321680860384602F0B8FD00BF002031
:107F1000C4E70220C2E70000C9A200083FA300088E
:107F2000704708B56946072000F07FF8002800D0A8
:107F300008BD6846017880200143009168460178B9
:107F4000072000F08EF900BFF2E708B569460E2061
:107F500000F06BF8002800D008BD684601780420C6
:107F600001430091684601780E2000F07AF900BFC5
:107F7000F2E738B5044602226946FE2000F044F8D4
:107F8000002802D00020C04338BD6946487800026E
:107F90000978084320800020F6E70000F8B50025A6
:107FA00002226946104600F02FF8002801D012483E
:107FB000F8BD69464878040209780C432046F9F771
:107FC000CBFD07460D4905F011FF06468F21C90577
:107FD000F9F7CEFC05460A49284605F007FF064694
:107FE000F9F776FD81B207480078420005482E3047
:107FF00081522846DCE7000000C079C40000C84276
:10800000000020419000002070B504460D46164641
:1080100033462A462146402000F082FA002802D04A
:108020000020C04370BD0020FCE770B504460D463B
:108030002A462146402000F085FA002802D0002080
:10804000C04370BD0020FCE7FEB50025022201A957
:108050000020FFF7D9FF002801D01448FEBD694673
:108060004879040209790C432046F9F775FD104957
:10807000009005F0BBFE07468F21C905F9F778FC93
:1080800006460C4905F042FF05460B49284605F017
:10809000ADFE0646F9F71CFD81B2084800784200A3
:1080A0000648243081522846D8E7000000C079C431
:1080B00000002543000020420000204190000020E5
:1080C00008B569460E20FFF7B0FF002800D008BDB4
:1080D00068460178802001430091684601780E20AF
:1080E00000F0BFF80A20FDF757FD00BFEFE738B5F5
:1080F000044669460F20FFF798FF002800D038BDDE
:1081000068460178302081430091A007810E6846BF
:10811000007801430091684601780F2000F0A1F833
:1081200000BFECE738B5044669460E20FFF77DFF37
:10813000002800D038BD012C05D1694608780121FE
:108140000843009004E06846007841084900009127
:10815000684601780E2000F084F800BFEAE738B5E1
:10816000044669460E20FFF760FF002800D038BDA6
:10817000012C05D16946087802210843009004E0EB
:1081800069460878022188430090684601780E20ED
:1081900000F067F800BFEAE738B5044669460F20EB
:1081A000FFF743FF002800D038BD6846017806205D
:1081B00081430091A007410F684600780143009178
:1081C000684601780F2000F04CF800BFECE738B5A6
:1081D000044669460E20FFF728FF002800D038BD6E
:1081E000684601787020814300916007410E68461F
:1081F000007801430091684601780E2000F031F8C4
:1082000000BFECE738B5044669460F20FFF70DFFC5
:10821000002800D038BD68460178C0208143009115
:10822000A007010E68460078014300916846017876
:108230000F2000F016F800BFECE708B569460F20E4
:10824000FFF7F3FE002800D008BD68460178012042
:1082500001430091684601780F2000F002F800BF4A
:10826000F2E770B504460D462A462146402000F04C
:10827000D5FA002802D00020C04370BD0020FCE7E2
:1082800008B5FFF71DFF0A20FDF786FC00200090CF
:108290006846FFF76EFE002805D1684600887D21FC
:1082A0000901884200D008BD0020FFF7ABFF002085
:1082B000FFF71DFF0020FFF76FFF0020FFF787FF8C
:1082C0000020FFF74CFF0020FFF72CFFFFF729FEEF
:1082D000FFF73BFE00BFE6E700BFFEE700B587B053
:1082E000142102A8F8F735FC00BF2448C06A022117
:1082F00008432249C8620846C06A0221084001902A
:1083000000BF00BF1D48806B090508431B498863F7
:10831000C0200290122003900020049003200590BA
:108320000120069002A91648FDF7FCFC15481649E5
:108330000860164848600021134881600121C1602F
:108340000021016141618161C1610162FDF770FE3F
:10835000002801D0FCF71CFC00210B48FDF7F8FDBC
:10836000002801D0FCF714FC00210748FDF727FE88
:10837000002801D0FCF70CFC07B000BD0010024043
:10838000000400500054004098050020583D500063
:1083900001688969022211404908002902D00021A0
:1083A0000268916201688969C907C90F01225140B9
:1083B0005140002904D10168896911430268916123
:1083C00070470000F7B584B004460E4600200390C5
:1083D00020688769002506980290102038401028F0
:1083E00054D12168C8613DE0701C00283AD0FDF7E7
:1083F000A9FD0299401AB04201D8002E32D120685E
:10840000406801218903084001904220005D0090EE
:108410002068806949000840C00B00280ED0491030
:10842000019888420AD00098202807D02068406828
:10843000084321684860FDF785FD02900AE0FDF7DA
:1084400081FD0299401A192804D9202005430120F2
:10845000039006E020688069202108404009002838
:10846000EDD000BF20688069202108404009002825
:1084700002D103980028B7D00398002802D1202009
:108480002168C861042005430120039020688769A2
:10849000FF2001303840FF210131884206D1012000
:1084A000054300022168C861012003900120800279
:1084B000384001218902884206D108200543C001C5
:1084C0002168C86101200390012040023840012149
:1084D0004902884206D10220054300022168C86192
:1084E000012003900398002815D02046FFF750FF85
:1084F000206840680949084021684860606C28434A
:10850000606420214120015500214220015500BF17
:108510004020015500BF039807B0F0BD00E800FE01
:10852000FEB504460D4616461F4664206100012331
:108530002A460197009602900148FDF7EFFDFEBD27
:1085400098050020FEB504460D461646642001211C
:10855000009601910290610001232A460148FDF72F
:10856000DDFDFEBD98050020FFB581B0044615462F
:108570001E460A9F1B48F2B2002300902046029933
:1085800000F072F8394620460B9A00F0FDF80028FA
:1085900002D0012005B0F0BD012E03D1E8B2216860
:1085A000886211E0FF2000022840001221688862E2
:1085B000394620460B9A00F0E7F8002801D0012048
:1085C000E8E7E8B2216888620B983B460022402128
:1085D0000090204600F066F8002801D00120D9E77D
:1085E0000020D7E700200080FFB581B00446154683
:1085F0001E460A9F1B48F2B2C30200902046029911
:1086000000F032F8394620460B9A00F0BDF80028F9
:1086100002D0012005B0F0BD012E03D1E8B22168DF
:10862000886211E0FF200002284000122168886261
:10863000394620460B9A00F0A7F8002801D0012007
:10864000E8E7E8B2216888620B983B460022802167
:108650000090204600F026F8002801D00120D9E73C
:108660000020D7E700200080F8B5069C8D05AD0DF1
:108670001604FF273F043E4035431D4325436D004C
:108680006D08009505686E68650D0127BF023D40C5
:10869000034F3D43AE43009D2E4305686E60F8BD19
:1086A000FF63FF03F8B504460D4617461E462CE04F
:1086B00031462046069AFFF785FE002801D00120AA
:1086C000F8BD701C002820D0FDF73CFC0699401A2C
:1086D000B04201D8002E18D1206880692840A842F5
:1086E00001D1012000E00020B8420ED1606C2021B1
:1086F000084360644120015500214220015500BF1C
:108700004020015500BF0120DAE720688069284039
:10871000A84201D1012000E00020B842C8D00020CA
:10872000CEE770B504460D46164624E0324629468B
:108730002046FFF747FE002801D0012070BDFDF75D
:1087400001FC801BA84201D8002D14D1206880694B
:1087500020210840400900280DD1606C0843606466
:108760004120015500214220015500BF4020015504
:1087700000BF0120E2E7206880692021084040090D
:108780000028D3D00020D9E770B504460D46164620
:1087900028E0324629462046FFF714FE002801D083
:1087A000012070BD681C00281CD0FDF7CBFB801B8E
:1087B000A84201D8002D15D1206880690221084007
:1087C000400800280ED1606C2021084360644120DD
:1087D000015500214220015500BF4020015500BF36
:1087E0000120DEE720688069022108404008002857
:1087F000CFD00020D5E70000FEB504460D46164652
:108800001F466420610001232A46019700960290CA
:108810000148FDF759FDFEBD9805002037B584B02D
:1088200004460D466420012106AA0092019102909F
:10883000610001232A460248FDF746FD07B030BD1E
:108840009805002010B5022003F095F8012003F0F0
:1088500071F8002003F045F9012003F042F810BD43
:10886000F0B587B00020039004AA05A906A800F07F
:108870008BF80499084605F0B9FA02900599084664
:1088800005F0B4FA01900699084605F0AFFA009099
:10889000019905F03BFA0746029905F037FA0646BA
:1088A00004F032FE04461B49204605F075FA02D258
:1088B000002007B0F0BD21460498F9F759F80546A5
:1088C0007F21C905284605F0E9FA01D27F25ED058B
:1088D0001149284605F060FA00D20F4D284602F0F3
:1088E000E1F807460D4905F081FA06460C49F9F70B
:1088F0003FF803900B49039805F078FA0646F9F71C
:10890000E7F881B2084800784200074838308152C1
:108910000398CEE70AD7233C000080BF0000344311
:10892000DB0F4940000020419000002008B50020E6
:108930000090012269460F2002F0C2FF002800D0FB
:1089400008BD68460078442800D0F9E703F02CF908
:108950000A20FDF721F9002003F083F8002201210D
:10896000052003F069F8012003F045F8012003F029
:1089700021F8012003F0F7F8012003F0D3F8FFF706
:1089800061FF00BFDCE70000F0B585B005460E468C
:108990001746002D03D0002E01D0002F01D105B0C5
:1089A000F0BD02A800F04CF80020002806D00128F5
:1089B00006D0022806D0032808D105E01B4C07E0AA
:1089C0001B4C05E01B4C03E01B4C01E0174C00BFA7
:1089D00000BF69460820085EF9F7B6F82146009006
:1089E00005F004FA15490190F8F7C2FF28606946BE
:1089F0000A20085EF9F7A8F82146009005F0F6F97C
:108A00000E490190F8F7B4FF306069460C20085E0B
:108A1000F9F79AF82146009005F0E8F90749019026
:108A2000F8F7A6FF386000BFB9E7000023DB793D07
:108A300023DBF93D23DB793E23DBF93E00007A445A
:108A40001CB50446002C00D11CBD06226946282016
:108A500002F036FF002804D00020A0806080208033
:108A6000F2E768464078010268460078014308B2A0
:108A700020806846C078010268468078014308B2C9
:108A8000608068464079000269460979084300B26F
:108A9000A08000BFD8E7000010B5082202490520D9
:108AA00004F01EFE10BD000018000020F3B591B0C8
:108AB0001198046811984568119886681198C768DC
:108AC000402201A81299FBF772FF28463040394630
:108AD000A943084301994018FE4940180419E001D0
:108AE000610E084304466419204628403146A143DC
:108AF000084302994018F8494018C7193803390D3E
:108B0000084307463F19384620402946B9430843E1
:108B100003994018F149401886197004F10B084375
:108B20000646F619304638402146B14308430499B9
:108B30004018EB4940184519A805A90A08430546FD
:108B4000AD19284630403946A943084305994018D5
:108B5000E44940180419E001610E08430446641911
:108B6000204628403146A143084306994018DE4973
:108B70004018C7193803390D084307463F193846CE
:108B800020402946B943084307994018D74940185F
:108B900086197004F10B08430646F6193046384032
:108BA0002146B143084308994018D1494018451956
:108BB000A805A90A08430546AD192846304039469C
:108BC000A943084309994018CA4940180419E0010B
:108BD000610E084304466419204628403146A143EB
:108BE00008430A994018C4494018C7193803390D79
:108BF000084307463F19384620402946B9430843F1
:108C00000B994018BD49401886197004F10B0843B0
:108C10000646F619304638402146B14308430C99C0
:108C20004018B74940184519A805A90A0843054640
:108C3000AD19284630403946A94308430D994018DC
:108C4000B04940180419E001610E08430446641954
:108C5000204628403146A14308430E994018AA49AE
:108C60004018C7193803390D084307463F193846DD
:108C700020402946B94308430F994018A34940189A
:108C800086197004F10B08430646F6193046384041
:108C90002146B1430843109940189D494018451991
:108CA000A805A90A08430546AD19284638403146AB
:108CB000B9430843029940189649401804196001C5
:108CC000E10E084304466419204630402946B1436A
:108CD00008430799401890494018C7197802F90DC0
:108CE000084307463F19384628402146A943084310
:108CF0000C994018894940188619B003B10C0843F3
:108D00000646F619304620403946A14308430199EA
:108D100040188349401845192805290B0843054682
:108D2000AD19284638403146B943084306994018E2
:108D30007C49401804196001E10E08430446641997
:108D4000204630402946B14308430B9940187649E4
:108D50004018C7197802F90D084307463F193846ED
:108D600028402146A9430843109940186F494018EC
:108D70008619B003B10C08430646F6193046204068
:108D80003946A143084305994018694940184519D7
:108D90002805290B08430546AD19284638403146B9
:108DA000B94308430A994018624940180419600100
:108DB000E10E084304466419204630402946B14379
:108DC00008430F9940185C494018C7197802F90DFB
:108DD000084307463F19384628402146A94308431F
:108DE00004994018554940188619B003B10C08433E
:108DF0000646F619304620403946A14308430999F2
:108E000040184F49401845192805290B08430546C5
:108E1000AD19284638403146B94308430E994018E9
:108E20004849401804196001E10E084304466419DA
:108E3000204630402946B14308430399401842492F
:108E40004018C7197802F90D084307463F193846FC
:108E500028402146A9430843089940183B49401837
:108E60008619B003B10C08430646F6193046204077
:108E70003946A14308430D99401835494018451912
:108E80002805290B08430546AD192846704078404F
:108E9000069940182F49401804192001210F084352
:108EA00004466419204668407040099940182A49D0
:108EB0004018C719F802790D084307463F1938468C
:108EC000604068400C9940182449401886193004C5
:108ED000310C45E078A46AD756B7C7E8DB70202488
:108EE000EECEBDC1AF0F7CF52AC68747134630A82A
:108EF000019546FDD8988069AFF7448BB15BFFFFC1
:108F0000BED75C892211906B937198FD8E4379A630
:108F10002108B44962251EF640B340C0515A5E266E
:108F2000AAC7B6E95D102FD65314440281E6A1D832
:108F3000C8FBD3E7E6CDE121D60737C3870DD5F4CB
:108F4000ED145A4505E9E3A9F8A3EFFCD9026F67D0
:108F50008A4C2A8D4239FAFF81F6718722619D6D14
:108F600008430646F6193046784060400F9940188D
:108F7000CF4940184519E805690A08430546AD1967
:108F800028467040784002994018CA494018041990
:108F90002001210F084304466419204668407040B0
:108FA00005994018C4494018C719F802790D0843BB
:108FB00007463F1938466040684008994018BF4945
:108FC000401886193004310C08430646F61930461D
:108FD000784060400B994018B94940184519E80598
:108FE000690A08430546AD192846704078400E9935
:108FF0004018B449401804192001210F08430446C1
:10900000641920466840704001994018AE494018E4
:10901000C719F802790D084307463F1938466040E2
:10902000684004994018A949401886193004310C49
:1090300008430646F61930467840604007994018C4
:10904000A34940184519E805690A08430546AD19C2
:109050002846704078400A9940189E4940180419E3
:109060002001210F084304466419204668407040DF
:109070000D99401898494018C719F802790D08430E
:1090800007463F1938466040684010994018934998
:10909000401886193004310C08430646F61930464C
:1090A00078406040039940188D4940184519E805FB
:1090B000690A08430546AD192846F943084370403C
:1090C00001994018874940180419A001A10E0843CE
:1090D000044664192046F143084368400899401843
:1090E00081494018C719B802B90D084307463F190E
:1090F0003846E943084360400F9940187B494018BF
:109100008619F003710C08430646F6193046E14310
:109110000843784006994018754940184519680574
:10912000E90A08430546AD192846F943084370404B
:109130000D9940186F4940180419A001A10E084369
:10914000044664192046F1430843684004994018D6
:1091500069494018C719B802B90D084307463F19B5
:109160003846E943084360400B994018634940186A
:109170008619F003710C08430646F6193046E143A0
:1091800008437840029940185D4940184519680520
:10919000E90A08430546AD192846F94308437040DB
:1091A00009994018574940180419A001A10E084315
:1091B000044664192046F14308436840109940185A
:1091C00051494018C719B802B90D084307463F195D
:1091D0003846E94308436040079940184B49401816
:1091E0008619F003710C08430646F6193046E14330
:1091F000084378400E9940184549401845196805BC
:10920000E90A08430546AD192846F943084370406A
:10921000059940183F4940180419A001A10E0843C0
:10922000044664192046F143084368400C994018ED
:1092300039494018C719B802B90D084307463F1904
:109240003846E943084360400399401833494018C1
:109250008619F003710C08430646F6193046E143BF
:10926000084378400A9940182D4940184519680567
:10927000E90A08430546AD191198006801191198CB
:1092800001601198406841191198416011988068F7
:109290008119119881601198C068C1191198C16035
:1092A0004022002101A800F047F813B0F0BD0000F3
:1092B0000C38E5FD44EABEA4A9CFDE4B604BBBF6FB
:1092C00070BCBFBEC67E9B28FA27A1EA8530EFD4CA
:1092D000051D880439D0D4D9E599DBE6F87CA21FB6
:1092E0006556ACC4442229F497FF2A43A72394ABC4
:1092F00039A093FCC3595B6592CC0C8F7DF4EFFFD2
:10930000D15D84854F7EA86FE0E62CFE144301A357
:10931000A111084E827E53F735F23ABDBBD2D72A4F
:1093200091D386EB10B50346002002E00C5C1C5480
:10933000401C9042FAD310BD10B50346002001E056
:109340001954401C9042FBD310BD000070B502467A
:109350000B460C48002112E0555C684000240BE0ED
:10936000C507ED0F002D04D04510074E7540284667
:1093700000E04010651CECB2082CF1DB491C99425E
:10938000EAD370BDFFFF000001A00000084840794B
:10939000012800D0704706484030007F002800D1E7
:1093A000F8E7012102484030C17700BFF2E7000032
:1093B000900F002000BFFEE738B5002000900BA101
:1093C0000C48F7F7AEFA00280ED008A10948F7F7C5
:1093D000A8FA0446A17968460170E1794170F7F76F
:1093E00089FA0549087100BF38BD00002B4353516D
:1093F0003A200000F00F0020900F002070B50025EB
:1094000032211348F7F7A5FB00241AE01148005D4C
:10941000302803DB0F48005D392807DD0D48005D6B
:1094200041280CDB0B48005D5A2808DC312D06D2A0
:109430000848025D2846691CCDB205490A54601CE3
:10944000C4B2034824384088A042DFDC70BD00006D
:10945000B40F0020F00F002070B500251E210F482A
:10946000F7F775FB002412E00D48005D30280CDB97
:109470000B48005D392808DC1D2D06D20848025D26
:109480002846691CCDB205490A54601CC4B2034881
:10949000801F4088A042E7DC70BD0000960F0020CE
:1094A000F00F00207047000010B500220121490292
:1094B0001348FCF741FD1348FCF76EFB01225102F3
:1094C0000F48FCF739FD1048FCF766FB002202212B
:1094D0000E48FCF731FD0022012149020848FCF743
:1094E0002BFD0022FF2101310548FCF725FD00225C
:1094F000FF21013105200007FCF71EFD10BD000013
:1095000000080050EE020000102700000004005088
:1095100010B5012202211348FCF70EFD0122510271
:109520001148FCF709FD012211020F48FCF704FD68
:109530000122110205200007FCF7FEFC2320FCF7A6
:109540002BFB0022012149020748FCF7F5FC2D20E6
:109550000001FCF721FB012251020348FCF7ECFC5F
:1095600010BD0000000400500008005070B5044613
:10957000002600252068C0684021084000281CD132
:109580002068C068802108432168C860FCF7DAFCC5
:1095900006460AE0FCF7D6FC801B7D21C900884204
:1095A00003D904212120015501252068C0684021EC
:1095B0000840002801D1012DECD1284670BD70B5BE
:1095C000044600252068C068802188432168C8605F
:1095D0002068806820210840002808D12046FDF737
:1095E0001BFF002803D00421212001550125284616
:1095F00070BD000010B50248FDF77EFE10BD0000F2
:109600001C0E002010B50F480F490860002048606C
:109610007F210D488160FF21C1600021016141610E
:109620008161C161FDF790FE002801D0FBF7B0FA1F
:10963000002203210220FCF7B1FF0220FCF7A0FF6B
:1096400010BD0000002800401C0E00203EB5002088
:109650000190029000240090174803F063FDC4B20B
:10966000072C28DB24E003226946134803F0A4FDFD
:109670006846007801280BD068464078032807D058
:1096800068468078022803D00B4803F05DFD0BE0AC
:10969000072201A9084803F0B0FD01A803F0B0F9C2
:1096A000054803F04AFD05E0034803F03BFDC4B262
:1096B000072CD8DA00BF3EBD6804002070470000C8
:1096C00010B500220121C90305200007FCF734FC76
:1096D000002204210E48FCF72FFC00220121490240
:1096E0000B48FCF729FCFFF7DFFE002210210520C4
:1096F0000007FCF721FC002201210648FCF71CFCB6
:109700000022022105200007FCF716FC10BD000016
:10971000000400500008005010B50122022105206D
:109720000007FCF709FCFAF713FFFFF7F1FE01222F
:10973000D10305200007FCF7FFFB012204210448A8
:10974000FCF7FAFB012251020148FCF7F5FB10BDC2
:109750000004005010B50020174988650021164804
:109760004030017703F066FEFDF79AFE01210846BE
:10977000FCF71EFFFDF76EFE00F02AF80720FCF74D
:10978000D3FE0220FCF7D0FE0C48006804210843F9
:109790000A4908600A48FDF749FD04F053F9FAF751
:1097A000EFFE002104484030C17700200549487091
:1097B000FBF7EEFA10BD0000900F00200070004093
:1097C0001C0E00200000002010B5FCF751FE10BD5B
:1097D00000B59BB034210EA8F7F7BBF9142109A8F6
:1097E000F7F7B7F9202101A8F7F7B3F91F48006888
:1097F0000321C90288430121C90240181B4908609E
:1098000002200E900120119010201290022017903B
:1098100000211891199181051A910EA8FDF7E2F91E
:10982000002801D0FBF7B4F90F20099003200A901B
:1098300000200B900C900D90002109A8FDF726F850
:10984000002801D0FBF7A4F92B2001900020039001
:109850000490069001200004029001A8FCF7ECFEA1
:10986000002801D0FBF794F91BB000BD0070004048
:109870007047000010B50448FDF771FF03484068C9
:10988000401C0249486010BDEC0500200800002083
:1098900000B587B0002003900490059006900190D9
:1098A00002901E48806B022108431C4988631C48B3
:1098B0001C4908601C48486000211A4881609F21AB
:1098C000C160002101614161FDF73AFE002801D02D
:1098D000FBF75EF901200003039003A91148FDF78F
:1098E000B1FE002801D0FBF753F90020019002904F
:1098F00001A90C48FDF7DEFD002801D0FBF748F96F
:10990000002203211020FCF749FE1020FCF738FE4E
:109910000448FDF73FFE07B000BD00000010024004
:1099200000040040EC0500200F27000010B502687D
:1099300001239B07984208D01A4B984205D01A4B36
:10994000984202D0194B984205D170241346A34384
:109950001A464B681A4301239B07984208D0114BC3
:10996000984205D0104B984202D0104B984206D135
:10997000032424021346A3431A46CB681A438024C7
:109980001346A3430C6923431A468B68C3620B68D2
:10999000836203680424234303600123436102605C
:1099A00010BD000000040040000801400014014008
:1099B00070B50C468168FF2636020D46B543294630
:1099C0001D02154325432943816070BD10B50A4629
:1099D000816870240B46A343194607231343194398
:1099E000816010BD70B50B461446026A056A6D08A9
:1099F0006D0005628169F0260D46B54329462501B3
:109A000029430A261546B5432A4615461D432A46CC
:109A10008161026270BD70B50B461446026A056A28
:109A20001026B543056281690F2636030D46B543FE
:109A3000294625032943A0261546B5432A461D017C
:109A40002A438161026270BD0822416A11400829DF
:109A500007D10168496812039143426B11430268C0
:109A60005160818CC907C90F002908D00168496875
:109A7000012252049143826A11430268516002221A
:109A8000416A1140022907D101684968D203914314
:109A9000C26A1143026851600422416A11400429DC
:109AA00007D10168496812049143026B11430268AF
:109AB00051601022416A1140102907D1016889685C
:109AC00012029143826B1143026891602022416A25
:109AD0001140202907D10168896812029143C26BA5
:109AE0001143026891604022416A1140402915D11A
:109AF0000168496892039143026C11430268516006
:109B000001221205016C914208D1016849680322C3
:109B100052059143426C1143026851608022416AB0
:109B20001140802907D10168496812039143826C72
:109B30001143026851607047F8B504460021842043
:109B40000151FCF7FFF9054620680068082108402C
:109B5000082823D137482B4600228904009020464C
:109B600000F026FC002819D000BF00F015FF0646C3
:109B7000012000F083FF206800688021884321686D
:109B80000860304600F07AFF00BF2020E06700BF89
:109B900000217820015500BF0320F8BD206800682F
:109BA00004210840042836D122482B46002209050A
:109BB0000090204600F0FCFB00282CD000BF00F0F5
:109BC000EBFE0646012000F059FF20680068FF21E7
:109BD0002131884321680860304600F04FFF00BF04
:109BE00000BF00F0D9FE0646012000F047FF2068C4
:109BF00080684008400021688860304600F03EFFE1
:109C000000BF20218020015100BF00217820015594
:109C100000BF0320C1E72020E06720218020015100
:109C200000202066606600BF00217820015500BF3B
:109C30000020B2E7FFFFFF0170B50446A56A0021CE
:109C40005A2041532846FDF792FE70BDF8B50546EF
:109C5000AC6AE66F80200759206880688021084040
:109C6000802807D1212E05D1002152200153204602
:109C700000F00DF92068806840210840402807D195
:109C8000222F05D100215A200153204600F0A4F8CC
:109C90008420005910210843842108512046FDF7F3
:109CA00066FEF8BD70B50546AC6A286800682021DC
:109CB000084000284DD100215A20015300BF00F078
:109CC0006BFE0646012000F0D9FE20680068FF21E7
:109CD0000131884321680860304600F0CFFE00BFA4
:109CE00000BF00F059FE0646012000F0C7FE2068C4
:109CF00080684008400021688860304600F0BEFE61
:109D000000BF00BF00F048FE0646012000F0B6FE8E
:109D1000206880684021884321688860304600F0D0
:109D2000ADFE00BF202180200151206E012810D1FE
:109D300000BF00F031FE0646012000F09FFE2068C3
:109D400000681021884321680860304600F096FEC4
:109D500000BF00206066206E012815D100215A2026
:109D600001532868406886B25820005BB04201DD8C
:109D70005A2006535820025B5A20005B101A81B209
:109D80002046FDF78DFD02E02046FEF779F870BD14
:109D900070B50546AC6A01206066206E012817D1B7
:109DA0005820005B41085A2001532868406886B259
:109DB0005820005BB04201DB5A2006535820025B5A
:109DC0005A20005B101A81B22046FDF769FD02E0BF
:109DD0002046FEF756F870BD70B5044600BF00F08F
:109DE000DBFD0546012000F049FE20680068FF21E8
:109DF0002131884321680860284600F03FFE00BFFB
:109E000000BF00F0C9FD0546012000F037FE2068C4
:109E100080684008400021688860284600F02EFED7
:109E200000BF206E012810D100BF00F0B5FD05462F
:109E3000012000F023FE206800681021884321687B
:109E40000860284600F01AFE00BF20218020015142
:109E500000202066A06670BD70B5044600BF00F00B
:109E60009BFD0546012000F009FE206800684021A6
:109E7000884321680860284600F000FE00BF2020CB
:109E8000E0670020E0662046FEF74AF870BD70B536
:109E9000044600BF00F080FD0546012000F0EEFD05
:109EA00020680068C021884321680860284600F0C7
:109EB000E5FD00BF2020E06770BD0000F0B587B071
:109EC000044600200390BE492068884200D100E08B
:109ED00000BF2169A068084361690843E16908433C
:109EE000059020680068B749084005990843216833
:109EF000086020684068032109038843E16808433B
:109F000021684860A0690590AD492068884203D067
:109F1000206A059908430590206880680B21090292
:109F20008843059908432168886000BFA6492068D6
:109F3000884217D1A548C0688007800F002806D046
:109F4000012808D0022804D0032808D105E0012602
:109F500007E0022605E0042603E0082601E01026BB
:109F600000BF47E09A492068884217D19748C068E7
:109F70000C210840002806D0042808D0082804D066
:109F80000C2808D105E0002607E0022605E004269B
:109F900003E0082601E0102600BF2BE08D49206871
:109FA000884201D1002625E08B492068884201D1F2
:109FB00000261FE08249206888421AD18348C06881
:109FC000032189020840002808D001218902401A93
:109FD00008D0401A04D0401A08D105E0002607E056
:109FE000022605E0042603E0082601E0102600BF53
:109FF00000E0102600BF72492068884251D1002E2F
:10A0000006D0022E08D0042E12D0082E17D113E04D
:10A01000FCF75CFD054616E06C48403800681021EE
:10A0200008400009002801D06C4D00E06C4D0AE0AA
:10A03000FCF770FD054606E00125ED0303E0002571
:10A040000120039000BF00BF002D0AD060684100CE
:10A050004018A84203D860680003A84202D2012039
:10A060000390A7E0606802902846FF21013100F0CC
:10A070001BFC62685208002380185941019100902E
:10A08000029AF6F79BF90746032109028F4205D38E
:10A090005448874202D82068C7608BE001200390B3
:10A0A00088E00121C903E069884247D1330000F00C
:10A0B00013FC09060A0E211A2121211E2100FCF79A
:10A0C00005FD05461AE0FCF713FD054616E03F487E
:10A0D00040380068102108400009002801D03F4D99
:10A0E00000E03F4D0AE0FCF715FD054606E00125BE
:10A0F000ED0303E000250120039000BF00BF002D09
:10A1000058D06A0063685B08D0186168F6F79EFD56
:10A110000746102F0FD3344887420CD832480F38E7
:10A12000384004903807400F04990843049004987D
:10A130002168C8603EE0012003903BE0330000F05E
:10A14000CBFB09060A0E211A2121211E2100FCF752
:10A15000BDFC05461AE0FCF7CBFC054616E01B48A3
:10A1600040380068102108400009002801D01B4D2C
:10A1700000E01B4D0AE0FCF7CDFC054606E001259A
:10A18000ED0303E000250120039000BF00BF002D78
:10A1900010D061684A085019F6F758FD0746102F8D
:10A1A00006D31148874203D8B8B22168C86001E0DD
:10A1B000012003900020A066E066039807B0F0BD80
:10A1C00000480040F369FFEF0038014040100240B2
:10A1D00000440040004C00400050004000093D0099
:10A1E0000024F400FFFF0F00FFFF0000F8B5044655
:10A1F0000E461546666558200553002184200151FE
:10A20000222180200151606F00281DD02B48616FF2
:10A21000C8622B48616F08632A48616F4863002059
:10A22000616F88632368194624312B46626D606F25
:10A23000FBF764FC002807D0102184200151202165
:10A24000802001510120F8BD2069002811D000BFF5
:10A2500000F0A2FB0746012000F010FC2068006817
:10A26000FF210131084321680860384600F006FCF0
:10A2700000BF00BF00F090FB0746012000F0FEFB8E
:10A28000206880680121084321688860384600F012
:10A29000F5FB00BF00BF00F07FFB0746012000F088
:10A2A000EDFB2068806840210843216888603846BB
:10A2B00000F0E4FB00BF0020C5E70000A59C0008FB
:10A2C000919D00084D9C000870B50446E06F212860
:10A2D00034D15220005B002821D100BF00F05CFB8C
:10A2E0000646012000F0CAFB2068006880218843F0
:10A2F00021680860304600F0C1FB00BF00BF00F0DD
:10A300004BFB0646012000F0B9FB206800684021A5
:10A31000084321680860304600F0B0FB0EE0E56CB1
:10A320002888C005C00D21688862E06C801CE0644C
:10A330005220005B401E81B25220015370BD70B5A7
:10A340000446E06F212832D15220005B002821D141
:10A3500000BF00F021FB0546012000F08FFB2068C4
:10A3600000688021884321680860284600F086FB49
:10A3700000BF00BF00F010FB0546012000F07EFB8F
:10A38000206800684021084321680860284600F0E2
:10A3900075FB0CE0E06C007821688862E06C401C82
:10A3A000E0645220005B401E81B25220015370BD18
:10A3B000FFB581B004460D4617460A9E46E0701C64
:10A3C000002843D0FBF7BEFD0499401AB04201D8E3
:10A3D000002E02D1032005B0F0BD206800680421E2
:10A3E0000840002832D0802D30D0402D2ED020685B
:10A3F000C06908210840C00800280FD00820216843
:10A4000008622046FFF7E8FC08218420015100BFC4
:10A4100000217820015500BF0120DCE72068C069D9
:10A420000121C9020840C00A00280FD0084621684F
:10A4300008622046FFF7D0FC20218420015100BF94
:10A4400000217820015500BF0320C4E72068C069BF
:10A450002840A84201D1012000E00020B842AED03F
:10A460000020B8E710B50248FDF782FA10BD0000E1
:10A470002C06002010B586B00446142101A8F6F77A
:10A4800068FB3948406B012189030843364948631A
:10A4900000BF0846C06A012108433349C862084624
:10A4A000C06AC007C00F009000BF00BF0320400279
:10A4B00001900220029000200390032004900420C9
:10A4C000059001A905200007FBF72CFC2748206018
:10A4D000E120400260600021A160E16021610C2167
:10A4E00061610021A161E16121620020606220467A
:10A4F000FDF740FC002801D0FAF74AFB00220221B8
:10A500001B20FCF74BF81B20FCF73AF818481949B8
:10A51000086003204860002116488160C1608021E6
:10A5200001610021416181612021C161C901016294
:10A53000FBF790FA002801D0FAF72AFB002201214C
:10A540000A20FCF72BF80A20FCF71AF800BF09488C
:10A550006067846200BF206800681021084321689A
:10A56000086006B010BD0000001002400038014035
:10A57000300002404C08002010B50248FDF7F8F901
:10A5800010BD0000B406002010B586B004461421AA
:10A5900001A8F6F7DEFA3848806B01214904084328
:10A5A0003549886300BF0846C06A01210843324923
:10A5B000C8620846C06AC007C00F009000BF00BF55
:10A5C0000C200190022002900020039003200490B0
:10A5D0000420059001A905200007FBF7A3FB2748ED
:10A5E00020604B20C00160600021A160E16021611A
:10A5F0000C2161610021A161E161216200206062A2
:10A600002046FDF7B7FB002801D0FAF7C1FA002277
:10A6100002211C20FBF7C2FF1C20FBF7B1FF1848EA
:10A620001849086004204860002116488160C16014
:10A63000802101610021416181612021C161C90145
:10A640000162FBF707FA002801D0FAF7A1FA00220D
:10A6500001210B20FBF7A2FF0B20FBF791FF00BFAE
:10A6600008486067846200BF2068006810210843C2
:10A670002168086006B010BD001002400044004090
:10A68000580002409408002010B50348FDF770F907
:10A690000248FDF76DF910BD3C070020C4070020FB
:10A6A00010B586B00446142101A8F6F752FA3848CE
:10A6B000806B0121C90408433549886300BF0846FF
:10A6C000C06A042108433249C8620846C06A0421AE
:10A6D0000840009000BF00BF0320800201900220CC
:10A6E000029000200390032004900620059001A909
:10A6F0002848FBF717FB28482060E12040026060F3
:10A700000021A160E16021610C2161610021A16152
:10A71000E1612162002060622046FDF72BFB0028EA
:10A7200001D0FAF735FA002202210E20FBF736FF9E
:10A730000E20FBF725FF1948194908600C204860D6
:10A74000002117488160C1608021016100214161C1
:10A7500081612021C16100210162FBF77BF90028A2
:10A7600001D0FAF715FA002201210B20FBF716FFA2
:10A770000B20FBF705FF00BF09486067846200BF3C
:10A7800020680068102108432168086006B010BDE9
:10A790000010024000080050004C00406C000240D5
:10A7A000DC08002010B586B00446142101A8F6F795
:10A7B000D0F93848806B0121090508433549886381
:10A7C00000BF0846C06A022108433249C8620846F1
:10A7D000C06A02210840009000BF00BF182001900D
:10A7E0000220029000200390032004900620059090
:10A7F00001A92948FBF796FA28482060E120400289
:10A8000060600021A160E16021610C216161002193
:10A81000A161E1612162002060622046FDF7AAFA91
:10A82000002801D0FAF7B4F9002202210E20FBF72C
:10A83000B5FE0E20FBF7A4FE19481A4908600D204A
:10A840004860002117488160C160802101610021BA
:10A85000416181612021C16100210162FBF7FAF8A9
:10A86000002801D0FAF794F9002201210A20FBF711
:10A8700095FE0A20FBF784FE00BF0A4860678462E9
:10A8800000BF20680068102108432168086006B0F6
:10A8900010BD0000001002400004005000500040B5
:10A8A0001C00024024090020F8B582B28BB2040CCF
:10A8B0000D0C10465843002126465E43370C3604E3
:10A8C0008019794116466E43370C36048019794158
:10A8D00026466E438919F8BD30B47446641E257847
:10A8E000641CAB4204D3635D5B00E31830BC1847C3
:10A8F0001D46F8E74900CA020243100000D00420B8
:10A900004A0D01D001221043044A490D914201D160
:10A9100002210843012800D105207047FF070000ED
:10A9200010B5002819DB1A4A03231B02D21883082A
:10A930009B00D2588307DC0EFF23A3409A438B076A
:10A940001B0E8407E40EA3401A43114B0324240278
:10A950001B198408A4001A5118E00E4A03071B0FA4
:10A96000083B9B089B00D2588307DC0EFF23A340C3
:10A970009A438B071B0E8407E40EA3401A43054B32
:10A980000407240F083CA408A4001A5110BD0000BD
:10A9900000E100E01CED00E0EFF3108070470000E4
:10A9A00010B50721024A00200907F9F793FC10BDF2
:10A9B00001030000034A10B500201107F9F78AFCD3
:10A9C00010BD000001FDFFFF10B50121F8F776F87A
:10A9D00010BD10B500210846F6F7CAFF10BD10B52E
:10A9E00004460868496800F003F8206010BD0000C4
:10A9F000F8B504460D466A4600F080FD00987E30AA
:10AA0000009000281EDC002213462046294603F051
:10AA1000E5F817D0174E002130460020C046074603
:10AA200020462946F6F7C2F904463846304001462A
:10AA300030460020C046600002D10220F7F72BF913
:10AA40002046F8BD0098FF280EDB0220F7F723F917
:10AA5000002213462046294603F024F902D8FF209D
:10AA6000C005F8BD0448F8BD20462946F6F79EF912
:10AA7000F8BD000008080000000080FF80F3108887
:10AA8000704710B504460A460068616801F0EAF8AC
:10AA90006160206010BD30380A2801D20120704763
:10AAA00000207047F8B504464D21400049061922A0
:10AAB00041181206914253D83F21490688421BD9BA
:10AAC00060007F214008C90503F014FA0021C94342
:10AAD000F7F7F4FF074602F017FD002C04DA2B4DC0
:10AAE000294EA907484001E0002635460321890781
:10AAF00003F07CF9044606E02146254E254D084624
:10AB000003F074F907462449384603F06FF92349E6
:10AB100003F0FCF8394603F069F9214903F0F6F82F
:10AB2000394603F063F91F4903F0F0F8394603F0A2
:10AB30005DF91D4903F0EAF800903946204603F01C
:10AB400055F9009903F052F907462946204603F0CB
:10AB5000D1F9394603F0DAF9314603F0D7F8F8BDF8
:10AB600033214906884201D21048F8BDFF21090669
:10AB7000884203D92046FFF727FFF8BD0120F7F7E9
:10AB80008AF8FFF726FFF8BD0000494022AA7D3A67
:10AB90000000C93F22AAFD3924FE1C3DC78AD83CCB
:10ABA0001E67383D1B93993DAFAA2A3EDB0FC93F74
:10ABB00070B504460E460025002E01D0002C01D1B0
:10ABC000002070BDA568002D01D1A66008E000E05E
:10ABD0002D6828680028FBD13146284602F02AFD5E
:10ABE0000120EEE7FEB507460D4614461E4600203E
:10ABF00001900090002F03D0002D01D0002C01D136
:10AC00000020FEBD0898002809D0284600F054FA1C
:10AC1000019001214902E068084300900DE03146AF
:10AC2000284600F009FA01900198002800D1E8E7D1
:10AC300001214902E0688843009001214902E0684F
:10AC40000840002805D1206A002802D0206A7168D7
:10AC50008847019820620098E06021463846FFF757
:10AC6000A7FFCEE770B504460D46164633462A4682
:10AC700021465520FDF754FC002802D00020C04397
:10AC800070BD0020FCE770B504460D4616463346FD
:10AC90002A4621465520FDF7AFFD002802D00020AE
:10ACA000C04370BD0020FCE70146002902D00868BF
:10ACB000002801D10020704702E08868401C8860AD
:10ACC000002908D04A688868904204D28A680868D7
:10ACD000805C2028F1DD4A688868904202D188684B
:10ACE000401E88600846E6E7F8B505460E4614465D
:10ACF000204600F05FF807460020084B3A463146F0
:10AD000000902846FFF76EFF002801D03846F8BDB6
:10AD1000384600F0BFF80020F9E700007800002076
:10AD2000F8B504460D4616460020044B3246294627
:10AD300000902046FFF756FFF8BD00007800002085
:10AD4000FEB506460F4614461D462046294600F02D
:10AD500043F801900020084B009039463046019A94
:10AD6000FFF740FF002801D00198FEBD019800F0D8
:10AD700091F80020F9E7000078000020F8B50546BA
:10AD80000E461446204600F069F807460020084B9E
:10AD90003A46314600902846FFF724FF002801D0AC
:10ADA0003846F8BD384600F075F80020F9E7000095
:10ADB0007800002070B50546064800F0AAF8044661
:10ADC000002C05D0002D01D0022000E00120E06021
:10ADD000204670BD7800002070B505460E46134829
:10ADE00000F097F80446002C1DD00820E060E661D2
:10ADF000A5610F4A0F4B2846314602F053FF02D897
:10AE00000D4860610FE000220C4B2846314602F0ED
:10AE100017FF03D80120C007606104E028463146CF
:10AE2000F6F7D2FB6061204670BD0000780000207C
:10AE30000000C0FFFFFFDF41FFFFFF7F0000E0C118
:10AE400010B5054800F065F80446002C01D04020FC
:10AE5000E060204610BD00007800002070B5054677
:10AE60000B4800F056F80446002C0ED01020E0608D
:10AE70000749284600F0E0F820612069002804D145
:10AE8000204600F007F8002070BD2046FCE70000D7
:10AE90007800002070B5044600252BE02568FF21CE
:10AEA0000131E0680840002805D1A068002802D0E0
:10AEB000A068FFF7EFFFFF210131E068084000289C
:10AEC00006D12069002803D00C4A206951688847C0
:10AED00001214902E0680840002806D1206A0028C4
:10AEE00003D0064A206A51688847044841682046D2
:10AEF00088472C46002CD1D170BD0000780000207E
:10AF000070B504460D4600222946204600F034FC68
:10AF100070BD70B504462820216888470546002D7D
:10AF200003D028212846F5F714FE284670BD10B539
:10AF3000044600221146204600F002F810BD000031
:10AF4000F0B589B004460D4617461C2102A8F5F756
:10AF500000FE00260020314908604860002C00D126
:10AF600038E002942046F5F723FD401C03900020B2
:10AF700004902B4A07CA06AB07C32948FFF7C9FF4D
:10AF80000646002E00D125E002A802F02FFA00901C
:10AF9000FFF78AFE01460190304601F009FC0028C7
:10AFA00000D117E0002F0CD002A8FFF77DFE039917
:10AFB0000498884204D204990298405C002800D08A
:10AFC00008E0002D03D0049902984018286030460C
:10AFD00009B0F0BD002E02D03046FFF75BFF002C19
:10AFE0001AD000940020019003990498884202D25C
:10AFF0000498019005E00398002802D00398401EB1
:10B000000190002D03D00199009840182860034852
:10B01000019A009906C000BF0020D9E77000002007
:10B020007800002010B50446024A0021204601F0B5
:10B0300005FD10BD78000020F8B504460D46002639
:10B040000027002C00D1F8BD2046F5F7B1FC461CC6
:10B050003046296888470746002F00D1F3E732467B
:10B0600021463846F5F716FD3846ECE770B504463C
:10B070000D46002C01D0002D01D1012070BDAC4245
:10B0800001D10020FAE705E02078002800D1F5E79B
:10B09000641C6D1C2078F5F712FA06462878F5F73F
:10B0A0000EFA8642F0D02078F5F709FA064628789D
:10B0B000F5F705FA301AE1E770477047F8B504462E
:10B0C0000D4600260027002C02D02068002801D160
:10B0D0000020F8BD6068002805D06168A06888423B
:10B0E00001D30020F5E72648854201D90020F0E78A
:10B0F000A068401C45196068A84203D3A168206875
:10B100004018E6E72069002801D00020E1E71D484B
:10B11000854206D91A48854201D8074602E0002038
:10B12000D7E76F00206A00280DD03946226A2068D0
:10B1300090470646002E1ED1E1692068884700200E
:10B1400060602060C5E73846A16988470646002E42
:10B1500006D1E16920688847002060602060B8E778
:10B16000002E05D0A068421C30462168F5F792FCFD
:10B17000E1692068884767602660A0688019A8E7B1
:10B18000FFFFFF7FFFFFFF3FFEB506460C4608228C
:10B19000214610316846F9F7DCFC208AC005850E8F
:10B1A000382D02D23820401B01E07820401B074692
:10B1B0003A460A49204600F025F80822694620460A
:10B1C00000F020F8102221463046F9F7C2FC582240
:10B1D00000212046FEF7B0F8FEBD0000210000204F
:10B1E000002242610261054901600549416003494D
:10B1F000C94381600249C943C16070470123456763
:10B2000089ABCDEFF7B582B004461546208AC0055C
:10B21000800E0190E90020694018E9002061884211
:10B2200002D26069401C6061690F60694118616108
:10B23000402101980F1ABD421BD321461831019AB3
:10B2400088183A460399FEF76DF8214618312046D2
:10B25000FDF72CFC3E4605E0039881192046FDF7DA
:10B2600025FC403630463F30A842F5D300200190FF
:10B2700000E00026AA1B0398811920461830019B84
:10B28000C0180090FEF74EF805B0F0BDFFB5B7B09E
:10B2900005460E461746402111A8F5F75AFC4021F5
:10B2A00001A8F5F756FC3246294611A8F5F7F2FB3E
:10B2B0003246294601A8F5F7EDFB00240CE011A861
:10B2C000005D3621484011A9085501A8005D5C21A8
:10B2D000484001A90855641C402CF0DB21A8FFF769
:10B2E0007FFF402211A921A8FFF78CFF394621A832
:10B2F0003A9AFFF787FF21A94098FFF745FF21A859
:10B30000FFF76EFF402201A921A8FFF77BFF102263
:10B3100021A84099FFF776FF21A94098FFF734FF55
:10B320003BB0F0BDF1B57B210098F5F7F0FA074688
:10B33000002F00D1F8BD7D210098F5F72DFB0446C4
:10B34000002C00D1F6E7E01B451C681CF4F786FFD3
:10B350000646002E00D1EDE72A4639463046F5F77D
:10B36000FBFB002070553046E4E7000010B50CA14F
:10B370000E48F5F7EBFA0EA10C482030F5F7E6FA87
:10B3800017A10A485430F5F7E1FA1EA10748203802
:10B39000F5F7DCFA2D21090104486030816210BD07
:10B3A0006465765F303030310000000010140020FA
:10B3B000645767305158686E515735545657457A1F
:10B3C00056464E50656C4277516B4654515756471E
:10B3D0004E485A6D6156463361586B3D000000007F
:10B3E0007A386B30396A477058352E6D71747473C2
:10B3F0002E6163632E636D63636F6E656E65742E7D
:10B40000636E00007A386B30396A47705835000037
:10B4100038B500200090012269461848F9F728FB4A
:10B42000002802D00020C04338BD1549009888424A
:10B430000AD0FFF79BFF00F027F87D20C000FAF745
:10B44000ABFB0020C043EFE732240E4D22462946D5
:10B450000A48001DF9F70CFB002802D00020C04369
:10B46000E2E700200749C877002106482030C1776D
:10B470004030C1743430C1740020D5E700000808A2
:10B48000A4A3A2A1F013002030B5B3B010483290AD
:10B49000C82210496846F4F7A1FE012232A90E48DD
:10B4A000F9F702FB002803D00020C04333B030BDC1
:10B4B00032246D46224629460748001DF9F7F4FA62
:10B4C000002802D00020C043F0E70020EEE7000093
:10B4D000A4A3A2A1F01300200000080810B58A68F8
:10B4E000002A02DCF8F73AFC10BD521E8A604A6856
:10B4F000C0B2531C4B60107010BD000070B51446F4
:10B50000002222604B000F4A5B08934219DA024680
:10B510001A4316D001221205934201DB226807E08C
:10B520003622F8F7D7FE4B005B083522D243226063
:10B53000054D1B0D5B19D2182260044A1140044AC4
:10B54000891870BD0000F07F02FCFFFFFFFF0F8035
:10B550000000E03F2E207047F1B582B0002702982E
:10B56000FFF7E5FC01900198002801D10120FEBD04
:10B5700019A10198FFF7C4FC0546002D04D10198DC
:10B58000FFF788FC0120F2E715A12846FFF7B8FC79
:10B590000646002E04D10198FFF77CFC0120E6E767
:10B5A00012A13046FFF7ACFC0446002C04D10198F0
:10B5B000FFF770FC0120DAE7277D002F06DD394612
:10B5C0002D204001F5F74CFB0A4988620198FFF7EE
:10B5D00061FC0020CBE700006461746100000000A2
:10B5E00048656172744672657100000076616C7521
:10B5F0006500000038150020F1B584B00498FFF70D
:10B6000096FC0746002F02D1012005B0F0BD21A114
:10B610003846FFF775FC0546002D04D13846FFF784
:10B6200039FC0120F1E71DA12846FFF769FC064619
:10B63000002E04D13846FFF72DFC0120E5E71AA1C2
:10B640003046FFF75DFC0446002C04D13846FFF776
:10B6500021FC0120D9E71648B823A169E2691950F5
:10B660008030C2631249B82040588031C96B002233
:10B67000104B01910090F6F72DF803910290F5F729
:10B68000D9FF0B498031C8623846FFF703FC002020
:10B69000BBE7000064617461000000004C617469E4
:10B6A000747564650000000076616C7565000000CB
:10B6B000B81400200088C340F1B584B00498FFF7A7
:10B6C00036FC0746002F02D1012005B0F0BD21A1B4
:10B6D0003846FFF715FC0546002D04D13846FFF724
:10B6E000D9FB0120F1E71DA12846FFF709FC06461A
:10B6F000002E04D13846FFF7CDFB0120E5E71AA163
:10B700003046FFF7FDFB0446002C04D13846FFF716
:10B71000C1FB0120D9E71648C023A169E26919508D
:10B72000803042641249C02040588031496C002268
:10B73000104B01910090F5F7CDFF03910290F5F7C2
:10B7400079FF0B49803108633846FFF7A3FB0020DF
:10B75000BBE7000064617461000000004C6F6E671D
:10B76000697475646500000076616C7565000000A1
:10B77000B81400200088C340F8B505460E461746A9
:10B780000024002D01D0002E01D10020F8BDAC68AE
:10B79000002F0AD000E02468002C10D03046216A27
:10B7A000F5F710FA0028F6D109E000E02468002C33
:10B7B00005D03046216AFFF759FC0028F6D1204613
:10B7C000E4E7FEB50546002400270020029000268D
:10B7D0000190009000BF12E07800295A601C4000E0
:10B7E000285A814200DA671C02984000295A601CDE
:10B7F0004000285A814201DD601C0290641C042C28
:10B80000EADB00240FE0029884420BD0BC4209D04E
:10B810006000285A002805D06000295A01980818AD
:10B820000190761C641C052CEDDB002E05DD3146F5
:10B830000198F5F715FA80B200900098FEBD00005F
:10B84000F8B5074600253846F5F7B2F8009000260F
:10B850001EE0BC5D2046F4F732FEC4B2302C06DB9D
:10B86000392C04DC2901204630380D180FE0612CFA
:10B8700006DB662C04DC2901204657380D1806E04B
:10B88000224606A10D48F4F727FE0020F8BD761CDD
:10B8900000988642DDD32846F8E70000496E7661BD
:10B8A0006C69642068657861646563696D616C20AA
:10B8B00064696769743A2025630A00004016002015
:10B8C00070B504460D46164633462A4621461820D2
:10B8D000FCF726FE002802D00020C04370BD0020E7
:10B8E000FCE738B504460020009001226946232079
:10B8F000FFF7E6FF002802D00020C04338BD002C2F
:10B9000005D06946087880210843009004E0694624
:10B91000087880218843009001226946232000F0A6
:10B920005BF9002802D00020C043E7E7012000F0C7
:10B93000B7F8E3E738B504460020009001226946D5
:10B940003020FFF7BDFF002802D00020C04338BDE3
:10B95000002C05D06946087880210843009004E057
:10B96000694608788021884300900122694630208A
:10B9700000F032F9EBE738B50446002000900122D0
:10B9800069463020FFF79CFF002802D00020C0430A
:10B9900038BD68460178602081430091A007410EC0
:10B9A000684600780143009101226946302000F08A
:10B9B00013F9EDE738B504460020009001226946EE
:10B9C0002120FFF77DFF002802D00020C04338BDB2
:10B9D000002C05D06946087804210843009004E053
:10B9E0006946087804218843009001226946212095
:10B9F00000F0F2F8EBE738B5044600200090012291
:10BA000069462120FFF75CFF002802D00020C043D8
:10BA100038BD002C05D069460878082108430090FD
:10BA200004E06946087808218843009001226946AD
:10BA3000212000F0D1F8EBE7F8B504460D46164694
:10BA4000002000902007000EA907090F0843B10746
:10BA5000890F0843009001226946202000F0BCF8BD
:10BA6000F8BD38B504460020009001226946252023
:10BA7000FFF726FF002802D00020C04338BD6846EB
:10BA80000178302081430091A007810E684600783C
:10BA90000143009101226946252000F09DF8EDE761
:10BAA00038B5044600200090012269463F20FFF788
:10BAB00007FF002802D00020C04338BD002C05D06D
:10BAC0006946087820210843009004E06946087818
:10BAD000202188430090012269463F2000F07CF835
:10BAE000EBE738B5044600200090012269463F206C
:10BAF000FFF7E6FE002802D00020C04338BD002C2E
:10BB000005D06946087801210843009004E06846A2
:10BB10000078410849000091012269463F2000F069
:10BB20005BF8EBE738B50446002000900122694637
:10BB30002220FFF7C5FE002802D00020C04338BDF8
:10BB4000002C05D06946087820218843009004E045
:10BB50006946087820210843009001226946222086
:10BB600000F03AF8EBE738B50446002000900122D7
:10BB700069462220FFF7A4FE002802D00020C0431F
:10BB800038BD002C05D0694608780821884300900C
:10BB900004E06946087808210843009001226946BC
:10BBA000222000F019F8EBE708B5002000900122F0
:10BBB00069462120FFF784FE002802D00020C04300
:10BBC00008BD694608784021084300900122694673
:10BBD000212000F001F8F3E770B504460D46164643
:10BBE00033462A4621461820FCF706FE002802D0DC
:10BBF0000020C04370BD0020FCE7000010B588B0F5
:10BC0000182102A8F4F7A5FF002400200190144891
:10BC100001F088FAC4B2152C1FDB1BE001A9104803
:10BC200001F0B9FA684600792B2803D00C4801F0DE
:10BC30008BFA0BE0152202A9094801F0DEFA02A8EE
:10BC400000F060FE064801F078FA05E0044801F0D3
:10BC500069FAC4B2152CE1DA00BF08B010BD0000CB
:10BC60003803002070B50546080DC04316460C4643
:10BC700040052CD000221346284601F0AFFF26D005
:10BC8000324628462146F8F725FB0546080DC043F5
:10BC90000C46400510D000221346284601F09EFFB6
:10BCA00015D10220F5F7F7FFFEF784FE4900490899
:10BCB000E20FD207114370BD0220F5F7ECFFFEF74B
:10BCC0006FFE49004908E20FD207114370BD2846B4
:10BCD000214670BDFAF7D8FBFDF77AFDF9F770FC45
:10BCE0001C48FEF7C7FB1C48FEF74EFC1B48FEF73E
:10BCF000D7FC1B48FEF756FDFCF7F0FAFDF7C8FD30
:10BD0000FDF780FCFFF784FBFDF706FDFCF7B8FAB2
:10BD1000FCF70CFE002001F0D3F9002001F08EFCAE
:10BD2000002010494871F9F733F812E00E48007806
:10BD3000002804D0012805D0022809D105E001F02F
:10BD4000A9FA05E001F0F6FB02E0FFF7B6F900BF43
:10BD500000BFEBE72C060020B40600203C070020C3
:10BD6000C4070020900F002008000020FFB585B018
:10BD70001D4600200390029001900746044648E0CB
:10BD80000020019002E0641C012001900E98844282
:10BD900002D2285D2028F6D00E98844200D13BE0E4
:10BDA0000E98001B022807D3285D0D2804D1601CC3
:10BDB000285C0A2800D12BE0285D0A2800D127E062
:10BDC0000198002803D02B20C04309B0F0BD285DA6
:10BDD0007F2802DD2B20C043F7E7285D3D2807D1EF
:10BDE0000298401C0290022810D92B20C043ECE797
:10BDF0000298002802D02B20C043E6E7285D00F01F
:10BE00001FF9002802DA2B20C043DEE77F1C00BFA9
:10BE1000641C0E988442B3D300BF002F04D10021CC
:10BE2000079801600020D0E7F90806204143780711
:10BE3000400F06225043C01DC0080F1802983F1A39
:10BE40000598002802D00698B84204D207980760E7
:10BE50002920C043B9E7002002900490059E36E0F7
:10BE600028780D2805D028780A2802D0287820289C
:10BE700000D12AE004988001049028783D2803D15D
:10BE80000298401C029005E0287800F0D9F8049947
:10BE9000084304900398401C0390042814D1002008
:10BEA000039004980002000E3070761C029801285E
:10BEB00004D804980004000E3070761C0298002804
:10BEC00002D104983070761C00BF641E6D1C002CDB
:10BED000C6D10598311A07980160002075E7000067
:10BEE000FFB585B01D460E98002805D100210798A2
:10BEF0000160002009B0F0BD03210E98F4F7A6FE02
:10BF0000074603210E98F4F7A1FE002901D0012075
:10BF100000E000203E184948864206D90021C94366
:10BF2000079801602920C043E4E7B600711C069819
:10BF3000884202D30598002805D1701C0799086033
:10BF40002920C043D6E703210E98F4F77FFE410075
:10BF5000461800200490059C2EE028786D1C039064
:10BF600028786D1C029028786D1C01900399881028
:10BF700000F098F82070641C03990A0102990911D5
:10BF800051188806800E00F08DF82070641C02990C
:10BF90008A000199891151188806800E00F082F8F4
:10BFA0002070641C01998806800E00F07BF82070D8
:10BFB000641C0498C01C04900498B042CDD30E9920
:10BFC0000498884231D228786D1C03900498401C54
:10BFD0000E99884202D228786D1C00E00020029061
:10BFE00003990906880E00F05DF82070641C03991F
:10BFF0000A010299091151188806800E00F052F8C2
:10C000002070641C0498401C0E99884207D2029943
:10C010000907880E00F046F82070641C02E03D20FD
:10C020002070641C3D202070641C0598211A07981C
:10C0300001600020207000BF5CE70000FFFFFF3FB1
:10C0400070B50446002522465A21412000F059F8D7
:10C05000214640390840054322467A21612000F0FC
:10C0600050F8214646390840054322463921302000
:10C0700000F047F8611D0840054322462B21084681
:10C0800000F03FF8214614310840054322462F2195
:10C09000084600F036F82146113108400543681E75
:10C0A00040B270BD70B5054600242A461921002013
:10C0B00000F027F829464131084004432A4633213D
:10C0C0001A2000F01EF829464731084004432A464A
:10C0D0003D21342000F015F8291F084004432A466A
:10C0E0003E21084600F00DF82B21084004432A4663
:10C0F0003F21084600F005F82F2108400443204660
:10C1000070BD30B50346D01A050A881A040A2846BD
:10C110002043C043C0B230BDF0B5FFB0B0B004465C
:10C1200015461E460020AE90AD9040219DA8F4F724
:10C1300010FD40218DA8F4F70CFDFF21293143A803
:10C14000F4F707FD2BA04B902A4633462CA143A8B9
:10C15000F4F7CEF92346203322462BA14DA8F4F75D
:10C16000C7F920464030F4F723FC07462346403306
:10C17000AEAA402100909DA8FFF7F8FDFF210131F4
:10C1800003A8F4F7E6FCB498002804D001281BD0DB
:10C1900002281BD119E022A04C904DA94B98009188
:10C1A000019043AA1FA103A84C9BF4F7A1F903A88F
:10C1B000F4F7FEFB07468DA83B4603AA00909DA816
:10C1C000AE99FFF763F801E000E000BF00BF8DA863
:10C1D000F4F7EEFB07468DABADAA802100906DA869
:10C1E000FFF77EFE43A8B69AB59901F0BFFA7FB07B
:10C1F00030B0F0BD323031382D31302D33310000C8
:10C20000256C6C640000000070726F647563747359
:10C210002F25732F646576696365732F257300007E
:10C220006D64350025730A25730A25730A2573008A
:10C23000F8B507460C460026002000907D21C90075
:10C24000E068884201D30020F8BDE068401CE0604F
:10C25000A1682068405C5B2800D064E0A068401CB6
:10C26000A0602046FEF720FD002C09D06168A06880
:10C27000884205D2A1682068405C5D2800D147E073
:10C28000002C03D06168A068884203D3A068401ED8
:10C29000A06048E0A068401EA06000BF20461030AB
:10C2A000FEF737FE0546002D00D13CE0002E02D1FE
:10C2B0002E46009504E0009805600098686000959F
:10C2C000A068401CA0602046FEF7EEFC21460098C6
:10C2D00000F06EFA002800D125E02046FEF7E4FCCD
:10C2E000002C08D06168A068884204D2A168206848
:10C2F000405C2C28D2D0002C08D06168A06888420D
:10C3000004D2A1682068405C5D2800D00BE000BF2B
:10C31000E068401EE0602020F860BE60A068401C1D
:10C32000A060012090E7002E02D03046FEF7B2FD5B
:10C33000002089E702460023002100BF23E0505C73
:10C34000302806DB505C392803DC505C3038C318D9
:10C3500015E0505C412806DB505C462803DC505C4D
:10C360003738C3180BE0505C612806DB505C662848
:10C3700003DC505C5738C31801E0002070470329E4
:10C3800000D21B01491C0429D9D31846F6E7000046
:10C39000F3B593B00C4600BF00201290FFF7DAF817
:10C3A00001900025002C02D02068002802D1002036
:10C3B00015B0F0BD00253CE0A16820684018405D44
:10C3C00034281FD009DC2B380300FEF785FA092139
:10C3D0002F222B2F1718191A2F00382816D006DCF9
:10C3E000352810D036280FD037281FD10DE0392836
:10C3F0000DD045280FD0652818D10BE000BF00BF35
:10C4000000BF00BF00BF00BF00BF00BF00BF00BF34
:10C4100000BF00BF00BFA16820684018405D02A9AE
:10C42000485504E002A90198485500E00BE000BF20
:10C430006D1C3F2D06D2002C04D0A0684019616805
:10C440008842B9D300BF002002A9485512A902A80A
:10C4500001F0E2F806460F4602A81299884201D17F
:10C460000020A5E71398C7618661144A144B304633
:10C47000394601F017FC03D812491398416111E0C5
:10C480000022114B3046394601F0DAFB04D8012175
:10C49000C9071398416105E030463946F5F794F82D
:10C4A0001399486108211398C160A06802AA1299E3
:10C4B000891A4018A06001207AE700000000C0FF40
:10C4C000FFFFDF41FFFFFF7F0000E0C1F3B581B058
:10C4D0000C46002700257D21C900E068884201D371
:10C4E0000020FEBDE068401CE060002C08D06168C0
:10C4F000A068884204D2A1682068405C7B2800D0F4
:10C5000084E0A068401CA0602046FEF7CDFB002C14
:10C5100009D06168A068884205D2A1682068405CA3
:10C520007D2800D165E0002C03D06168A0688842B6
:10C5300003D3A068401EA06068E0A068401EA06011
:10C5400000BF20461030FEF7E4FC0646002E00D166
:10C550005CE0002F02D13746354602E02E60756060
:10C560003546A068401CA0602046FEF79DFB214692
:10C57000284600F052F8002800D147E02046FEF798
:10C5800093FB2869286200202861002C08D061688C
:10C59000A068884204D2A1682068405C3A2800D094
:10C5A00034E0A068401CA0602046FEF77DFB2146D9
:10C5B000284600F0FDF8002800D127E02046FEF7CD
:10C5C00073FB002C08D06168A068884204D2A1687F
:10C5D0002068405C2C28B4D0002C08D06168A0688A
:10C5E000884204D2A1682068405C7D2800D00DE01C
:10C5F00000BFE068401EE06040210198C1600198E2
:10C600008760A068401CA06001206AE7002F02D06C
:10C610003846FEF73FFC002063E7F3B583B00C46D5
:10C62000A16820684018461CA16820684018451C75
:10C63000002002900027A1682068405C222800D0DA
:10C64000AAE00020019000900EE028785C280AD132
:10C65000681C2168401A6168884200D39CE00098F9
:10C66000401C00906D1C6D1C2068281A616888426F
:10C6700002D228782228E8D12068281A61688842E6
:10C6800002D22878222800D086E0A16820684018CD
:10C69000291A0098081A019021690198401C8847BE
:10C6A0000746002F00D177E0029762E030785C28DF
:10C6B00007D0307802990870761C0298401C0290CE
:10C6C00057E002200190A81B012800DA64E070788E
:10C6D000662819D008DC222832D02F2832D05C28D6
:10C6E0002FD0622840D108E06E2814D0722819D0CB
:10C6F00074281ED0752837D12BE0082002990870C5
:10C700000298401C029030E00C20029908700298B8
:10C71000401C029029E00A20029908700298401CEF
:10C72000029022E00D20029908700298401C0290AD
:10C730001BE00920029908700298401C029014E046
:10C7400000BF00BF7078029908700298401C0290E8
:10C750000BE002AA2946304601F0D0F8019001987A
:10C76000002800D118E000E016E000BF019836185C
:10C7700000BFAE429AD3002002990870102103989E
:10C78000C160039807612068281AA060A068401C57
:10C79000A060012005B0F0BD002F02D038466169CD
:10C7A0008847002E02D02068301AA0600020F1E7F0
:10C7B00070B505460C46002C02D02068002801D137
:10C7C000002070BD002C14D0A068001D6168884254
:10C7D0000FD8A26821688818042244A1F4F70AF946
:10C7E000002806D10420E860A068001DA060012098
:10C7F000E7E7002C14D0A068401D616888420FD87C
:10C80000A2682168881805223AA1F4F7F3F80028F5
:10C8100006D10120E860A068401DA0600120D0E79B
:10C82000002C16D0A068001D6168884211D8A2684B
:10C8300021688818042231A1F4F7DCF8002808D117
:10C840000220E86001206861A068001DA06001204E
:10C85000B7E7002C0DD06168A068884209D2A168B2
:10C860002068405C222804D121462846FFF7D5FEE7
:10C87000A7E7002C17D06168A068884213D2A1688E
:10C880002068405C2D2809D0A1682068405C3028D1
:10C8900009DBA1682068405C392804DC2146284671
:10C8A000FFF776FD8DE7002C0DD06168A068884207
:10C8B00009D2A1682068405C5B2804D12146284643
:10C8C000FFF7B6FC7DE7002C0DD06168A0688842B8
:10C8D00009D2A1682068405C7B2804D12146284603
:10C8E000FFF7F4FD6DE700206BE700006E756C6CE0
:10C8F0000000000066616C7365000000747275656D
:10C9000000000000F0B58BB005460026002700208F
:10C91000089009900A9000240790069000BF02E05A
:10C92000285D4640641C112CFADB697C08A8017064
:10C93000A97C4170FEF784FF0746B74201D00BB0D7
:10C94000F0BD0020089009900A90002403E0285DC3
:10C9500008A90855641C072CF9DB08A800F0F4FDB1
:10C9600007900798F4F7DAFF00220B4B0191009033
:10C97000F4F706FC0022094B03910290F4F7AAFE9B
:10C9800005910490F4F712FA06900698F5F7A0F8CE
:10C990000349488000BFD2E700001440000059401E
:10C9A00090000020F0B587B0074600200390049067
:10C9B00005900024029000BF03E0385D03A90855EC
:10C9C000641C0A2CF9DB03A800F0BEFD029002985B
:10C9D000F4F7A4FF05460022074BF4F7A1FB0191F1
:10C9E0000090F4F727FE81B2044800784200034823
:10C9F0001030815207B0F0BD0000E03F90000020F1
:10CA0000F8B50446002600276079A1790902084399
:10CA1000074607212046FCF799FC0646B74209D194
:10CA2000E078050221790D4303480078410002486F
:10CA30001A304552F8BD000090000020F0B589B0D2
:10CA400007460E461446002524216846F4F781F86F
:10CA5000FF200130216888470090FF2001300190BD
:10CA60000596204607C806AB07C30098002800D1EA
:10CA700037E06946384600F0A1FA002800D130E0DE
:10CA8000684600F05FFEA06800280BD0029B591C8E
:10CA90000098A26890470546002D00D121E00020B3
:10CAA00000901BE0029A501C216888470546002D23
:10CAB00000D116E00298401C019B834201D20198EC
:10CAC00001E00298401C024628460099F3F7E2FF75
:10CAD000002002996854009861688847284609B088
:10CAE000F0BD0098002802D0009861688847002DAA
:10CAF00002D02846616888470020F0E7F3B581B08E
:10CB00000C460025002701988668002C01D10020E2
:10CB1000FEBD01212046FEF7D1FA0546002D00D1C9
:10CB2000F6E75B202870A068401CA060E068401C0D
:10CB3000E0602AE02146304600F040FA002800D1AB
:10CB4000E6E7204600F0FEFD306800281CD0606952
:10CB5000002801D0022000E001200746791C204671
:10CB6000FEF7ACFA0546002D00D1D1E72C20287045
:10CB70006D1C6069002802D0202028706D1C0020E8
:10CB80002870A068C019A0603668002ED2D102219A
:10CB90002046FEF793FA0546002D00D1B8E75D2048
:10CBA00028706D1C00202870E068401EE0600120A5
:10CBB000AEE70000F3B58FB00D4600270F998869E6
:10CBC000C9690D910C9000260024FEF7C3FC049067
:10CBD000002D02D1002011B0F0BD002213460D99A6
:10CBE0000C98F4F777FD002213460191009000F0B5
:10CBF000F5FF05D023A105A8F3F77AFC06461BE054
:10CC000022A105A80D9B0C9AF3F772FC064602AA16
:10CC100020A105A8F3F74EFE012806D10D9B0C9A22
:10CC20000399029800F0DAFF06D01BA105A80D9B1E
:10CC30000C9AF3F75DFC0646002E01DB192E01DD90
:10CC40000020C8E7711C2846FEF738FA0746002F77
:10CC500000D1C0E700240CE005A8015D04988142E2
:10CC600002D12E20385503E005A8005D385500BFDD
:10CC7000641CB442F0D300203855A8688019A8601D
:10CC80000120A8E76E756C6C0000000025312E3184
:10CC900035670000256C670025312E3137670000AD
:10CCA000F3B581B00C460025002601988768002C5A
:10CCB00001D10020FEBD6069002801D0022000E003
:10CCC00001200646711C2046FEF7F8F90546002DA6
:10CCD00000D1EFE77B2028706D1CE068401CE0600D
:10CCE0006069002802D00A2028706D1CA068801995
:10CCF000A06072E06069002819D02046E168FEF764
:10CD0000DDF90546002D00D1D4E70020009005E0B4
:10CD1000092028706D1C0098401C0090E168009864
:10CD20008142F5D8E168A0684018A06000BF2146A4
:10CD3000386A00F083F8002800D1BBE7204600F0F5
:10CD400001FD6069002801D0022000E001200646B4
:10CD500031462046FEF7B2F90546002D00D1A9E77D
:10CD60003A2028706D1C6069002802D009202870C4
:10CD70006D1CA0688019A0602146384600F01EF99D
:10CD8000002800D196E7204600F0DCFC606900280E
:10CD900001D0012000E000203968002901D00121E4
:10CDA00000E000214618711C2046FEF787F9054671
:10CDB000002D00D17EE73868002802D02C20287092
:10CDC0006D1C6069002802D00A2028706D1C0020AC
:10CDD0002870A0688019A0603F68002F8AD1606920
:10CDE000002802D0E068401C00E0022001462046F6
:10CDF000FEF764F90546002D00D15BE76069002865
:10CE00000AD0002003E0092129706D1C401CE16854
:10CE1000491E8142F7D800BF7D2028706D1C00207C
:10CE20002870E068401EE060012043E770B50446CA
:10CE30000D462946206900F001F870BDF3B583B0B6
:10CE40000746002400260025002002900190049847
:10CE5000002801D105B0F0BD002F0DD103210498A9
:10CE6000FEF72CF90646002E00D1F3E750A130461C
:10CE7000F3F76CFD0120EDE73C4624E020780C2818
:10CE800011D006DC08280DD009280FD00A2811D1AE
:10CE90000AE00D2809D0222802D05C280AD100E03F
:10CEA00000BF00BF00BF00BF00BF00BF0198401C13
:10CEB000019006E02078202802DA0198401D0190B8
:10CEC00000BF00BF641C20780028D7D1E11B019867
:10CED000081802900299C91C0498FEF7EFF806465C
:10CEE000002E00D1B6E70198002810D12220307022
:10CEF0003946701C029AF3F7CDFD22210298401C9E
:10CF0000315400210298801C31540120A2E72220D4
:10CF10003070751C3C463DE020781F2808DD2078E5
:10CF2000222805D020785C2802D0207828702FE0B5
:10CF30005C2028706D1C20780C2815D006DC082891
:10CF40000FD0092819D00A281AD110E00D2811D0C5
:10CF5000222803D05C2813D1287018E022202870E2
:10CF600015E06220287012E0662028700FE06E2025
:10CF700028700CE07220287009E07420287006E008
:10CF800022780CA12846F3F7B3FA2D1D00BF00BF8D
:10CF9000641C6D1C20780028BED122210298401C00
:10CFA000315400210298801C3154012052E70000C6
:10CFB000222200007525303478000000F8B50446C0
:10CFC0000E460025002C01D0002E01D10020F8BD16
:10CFD000207B102857D008DC01281BD0022827D03E
:10CFE000042809D008285DD130E0202850D04028FE
:10CFF00053D0802856D12EE005213046FEF75EF84A
:10D000000546002D00D1E2E727A12846F3F79EFC54
:10D010000120DCE706213046FEF750F80546002DDA
:10D0200000D1D4E722A12846F3F790FC0120CEE7F7
:10D0300005213046FEF742F80546002D00D1C6E72F
:10D040001DA12846F3F782FC0120C0E731462046A7
:10D05000FFF7B0FDBBE700272069002800D1B6E745
:10D060002069F3F7A5FC471C39463046FEF726F841
:10D070000546002D00D1AAE73A4628462169F3F774
:10D0800009FD0120A3E731462046FFF7CFFE9EE7CA
:10D0900031462046FFF732FD99E731462046FFF73B
:10D0A000FFFD94E7002092E76E756C6C00000000B5
:10D0B00066616C73650000007472756500000000A5
:10D0C00010B504462300FDF707FC060411152119CD
:10D0D0001D21104800F04CF80F4800F049F80F48A7
:10D0E00000F046F80E4800F043F810E0094800F060
:10D0F0003FF80CE0084800F03BF808E0074800F073
:10D1000037F804E0064800F033F800E000BF00BF45
:10D1100010BD0000D80000200802002038030020C5
:10D12000680400200146FF202D30425A801C405ADE
:10D13000101AFF222C32104070470022FF212D319F
:10D140000A52891C0A52704700B50346184600F07F
:10D1500016F8002801D0002000BDFF202F30C05A53
:10D16000401CFF212C310840C91CC8520120F3E7A4
:10D170000022FF212D310A52891C0A5270470146B4
:10D18000FF202D30425A801C405A824201D101209A
:10D1900070470020FCE710B503460C461846FFF721
:10D1A000EEFF002801D0002010BDFF202F30C05A14
:10D1B000185C20700120F7E7F8B503460D461646C7
:10D1C0001846FFF7AFFF00900098B04201DA0098D0
:10D1D00000E030460746FF202F30C45A002008E008
:10D1E000195D2954611CFF222C3211400C46411C50
:10D1F00088B2B842F4DB3846F8BDF0B503460C46B9
:10D2000015461846FFF78EFF0746AF4201DA38464B
:10D2100000E02846064600200FE0FF212F31C95AC2
:10D22000595C2154FF212F31C95A491CFF222C324D
:10D230001140D21CD152411C88B2B042EDDB3046C5
:10D24000F0BD70B503460E4614461846FFF76AFF58
:10D25000FF212C31081A85B2AC4200DD2C4600209B
:10D260000FE0325CFF212D31C95A5A54FF212D3174
:10D27000C95A491CFF222C321140521CD152411C68
:10D2800088B2A042EDDBAC4201D0012070BD00208D
:10D29000FCE7000010B550484068C82832D006DCD2
:10D2A00032280BD0642815D0962846D11EE0FA28E3
:10D2B00034D0FF382D3800283FD13BE000204749CB
:10D2C0000870F8F783FAFBF7E7FBFAF7B6FFFBF70E
:10D2D000C7FA33E0012041490870F8F777FAFBF705
:10D2E000DBFBFAF7AAFFFBF7BBFA27E002203B497A
:10D2F0000870F8F76BFAFBF7CFFBFAF79EFFFBF726
:10D30000AFFA1BE0032035490870F8F75FFAFBF726
:10D31000C3FBFAF792FFFBF7A3FA0FE004202F49B3
:10D320000870F8F753FAFBF7B7FBFAF786FFFBF73D
:10D3300097FA03E0FCF72AF800E000BF00BFF7F718
:10D340004DF8F7F741FD24484068FF2191318842AC
:10D3500003DA2348C07F032804D101201E49087046
:10D36000002048601F480078002815D01D4800782C
:10D37000022804D0042805D0052809D105E0F8F7D3
:10D380002FFA05E0FEF73AFC02E0FCF75FF900BF78
:10D3900000BF00201349087013480079002806D008
:10D3A00001200D490870002048600F4908710E489F
:10D3B0008078002803D0FAF747FEFAF7EFFD064918
:10D3C00048680521F3F74CFC002904D11021052001
:10D3D0000007F8F7A7FD10BD08000020900000200E
:10D3E000D00F0020140000200000002010B50446DB
:10D3F000002C05D02068002802D0A068002801D0A9
:10D40000002010BD002C10D0A068001D616888426B
:10D410000BD2A26821688818032205A1F3F7EAFA63
:10D42000002802D1A068C01CA0602046E9E70000E7
:10D43000EFBBBF0010B5FCF743F92D48FFF77DFEA9
:10D440002C48FFF77AFE2C48FFF777FE2B48FFF7B2
:10D4500074FE1B20F9F776F81C20F9F773F80E20FC
:10D46000F9F770F80A20F9F76DF80B20F9F76AF868
:10D470002348FAF7CBF82348C06A40084000214906
:10D48000C8620846C06A082188431E49C862084627
:10D49000C06A802188431B49C8620846406B01214D
:10D4A00089038843174948630846806B0121490472
:10D4B0008843144988630846806B0121C904884366
:10D4C000104988630846806B0121090588430D498E
:10D4D00088630846806B01214905884309498863B0
:10D4E0000846806B022188430649886310BD00000E
:10D4F000D800002008020020380300206804002023
:10D50000EC0500200010024070B50546F5F7F8FA6A
:10D5100041000446FF204908C005411AC90F07D041
:10D5200069004908401AC00F02D10120F4F7B3FB8B
:10D53000204670BD10B5FCF70DF9002001490870B8
:10D54000486010BD08000020FEB5044600257F2677
:10D55000F60500200290002700E0641CF2F776FE3A
:10D5600000682178405CC007C00F0028F5D1207802
:10D570002D2802D020782B2805D120782D2801D104
:10D5800001200290641C36E0F2F760FE006821780A
:10D59000405C202825D1002F13D01D49304600F0D3
:10D5A00025FC0646217808463038F4F7CDFA314696
:10D5B000009000F01BFC2946019000F0A7FB0546F7
:10D5C00018E0217808463038F4F7BEFA1149019086
:10D5D000284600F00BFC0090019900F097FB0546EF
:10D5E00008E020782E2804D1002F00D006E0012783
:10D5F00000E003E0641C20780028C5D100BF029839
:10D60000002802D00120C00745402846FEBD00008A
:10D61000CDCCCC3D0000204100B50A4683B00021AE
:10D620000091019101466846F5F7AEF8019900981E
:10D6300003B000BD016048607047000010B50446AB
:10D640002300FDF749F906041D24392B3239FF2246
:10D650002D321B491B48FAF7CDFBFF222D321A4908
:10D660001A48FAF7C7FBFF222D3219491948FAF771
:10D67000C1FBFF222D3218491848FAF7BBFB1CE00A
:10D68000FF222D320E490F48FAF7B4FB15E0FF22B6
:10D690002D320D490D48FAF7ADFB0EE0FF222D3279
:10D6A0000B490C48FAF7A6FB07E0FF222D320A4986
:10D6B0000A48FAF79FFB00E000BF00BF10BD000062
:10D6C0006C0900202C060020980A0020B4060020D7
:10D6D000C40B00203C070020F00C0020C4070020F1
:10D6E000F8B504460D4616460027002D01D0002E41
:10D6F00001D10120F8BD012C06D0022C06D0042C4B
:10D7000006D0052C08D105E00A4F07E00A4F05E0D6
:10D710000A4F03E00A4F01E00120EBE700BFF86F7A
:10D72000202801D00220E5E7324629463846FAF79C
:10D73000A9FBDFE72C060020B40600203C070020F0
:10D74000C407002070B504460025002C02D02068D4
:10D75000002800D170BDA168206845182846F3F75D
:10D7600027F9A1684018A06000BFF3E7F7B5B4B08F
:10D77000349C4022554923A8F2F730FD802103A8AC
:10D78000F3F7E7F920462830F3F712F93390002633
:10D7900000272AE000251BE020462830805DE900B4
:10D7A00023AA51580978884211D1E900891848689C
:10D7B000F3F7FEF80290E80023AA8018416803A856
:10D7C000C3191846029AF3F765F9FF1C02E06D1CB5
:10D7D000082DE1DB00BF082D06D120462830825DF0
:10D7E00038467F1C03A90A54761C33988642D1DB45
:10D7F00003A8F3F7DDF8024603A90290204628307B
:10D80000F2F7ECFC03A8F3F7D3F821462831002205
:10D810000A54802103A8F3F79CF92046A830F3F7B7
:10D82000C7F83390002600272AE000251BE0204699
:10D83000A830805DE90023AA51580978884211D1A7
:10D84000E90089184868F3F7B3F80290E80023AAC2
:10D850008018416803A8C3191846029AF3F71AF909
:10D86000FF1C02E06D1C082DE1DB00BF082D06D176
:10D870002046A830825D39467F1C03A84254761C9E
:10D8800033988642D1DB03A8F3F792F8024603A946
:10D8900002902046A830F2F7A1FC03A8F3F788F81D
:10D8A0002146A83100220A540846616A0094019179
:10D8B00002902346283306A1226A3598F2F718FE13
:10D8C0003598F3F775F837B0F0BD000090E0000828
:10D8D00076657273696F6E3D2573267265733D259B
:10D8E000732665743D2573266D6574686F643D25E8
:10D8F00073267369676E3D2573000000F7B586B027
:10D9000015460024002606980590002004900390F8
:10D910000290019007990598081A062800DA88E015
:10D920000598801CFEF706FD0646372080028642D9
:10D9300003D34148864200D87BE01B20C0028642C8
:10D940002CD33E48864229D80598871D0020009098
:10D950000C2002900798C01B062800DA69E038788E
:10D960005C2802D17878752800D062E0B81CFEF7F8
:10D97000E1FC0090372189020098884203D32E49A8
:10D980000098884200D954E0B005000B0099890541
:10D99000890D084301210904441802E00620029081
:10D9A0003446802C02D2012004901AE00120C002EB
:10D9B000844204D202200490C020019011E0012092
:10D9C0000004844204D203200490E020019008E087
:10D9D0001B48844204D804200490F020019000E009
:10D9E00027E00498401EC0B203900CE0204680213E
:10D9F0000843BF2108402A6803995054A40903989A
:10DA0000401EC0B2039003980028EFDC0498012860
:10DA100004DD019820432968087003E06006400E89
:10DA2000296808702968049808182860029809B0C5
:10DA3000F0BD0020FBE70000FFDF0000FFDB00007F
:10DA4000FFFF100008B500BF4848C06A0121084325
:10DA50004649C8620846C06AC007C00F009000BFB0
:10DA600000BF00BF0846C06A022108433F49C862A0
:10DA70000846C06A02210840009000BF00BF00BFF6
:10DA80003A48C06A042108433849C8620846C06A57
:10DA900004210840009000BF00BF00BF3348C06AA7
:10DAA000082108433149C8620846C06A0821084075
:10DAB000009000BF00BF00BF2C48C06A802108430F
:10DAC0002A49C8620846C06A80210840009000BF09
:10DAD00000BF2648406BC9010843244948630846F3
:10DAE000806B012149040843204988630846806B04
:10DAF0000121C90408431D4988630846806B012140
:10DB000009050843194988630846806B01214905C6
:10DB10000843164988630846806B0221084313496D
:10DB200088631348FFF709FB1248FFF706FB12480A
:10DB3000FFF703FB1148FFF700FB1B20F8F720FD60
:10DB40001C20F8F71DFD0E20F8F71AFD0A20F8F743
:10DB500017FD0B20F8F714FD0948F9F71BFDFBF73B
:10DB6000DBFDFAF78DFBFAF7E1FE08BD001002407D
:10DB7000D80000200802002038030020680400209C
:10DB8000EC05002010B500290AD00878002807D03D
:10DB900005487844F3F716F8002801D0002010BD9E
:10DBA0000248784410BD0000420700003A07000018
:10DBB00010B500290AD00878002807D00548784415
:10DBC000F3F700F8002801D0002010BD0248784487
:10DBD00010BD0000260800001E08000070B50125D9
:10DBE0000C002D051C4310D4EC4206D4AC420AD4E0
:10DBF000994200D070BD904270BDE94217D4EB420B
:10DC000015D4994270BD894270BDEC4206D5AC4234
:10DC1000F9D58B4200D070BD824270BD6D004C00C2
:10DC2000EC4204D25C00EC4201D28B4270BD034C4A
:10DC300030B4F4F7C9FE30BC70BD00BF1900120447
:10DC400070B501250C002D051C4310D4EC4206D400
:10DC5000AC420AD4994200D070BD904270BDE942F6
:10DC600017D4EB4215D4994270BD894270BDEC4285
:10DC700006D5AC42F9D58B4200D070BD824270BD52
:10DC80006D004C00EC4204D25C00EC4201D28B42AD
:10DC900070BD034C30B4F4F797FE30BC70BD00BFCC
:10DCA0001900160470B501251C002D050C4310D475
:10DCB000EC4206D4AC420AD48B4200D070BD824202
:10DCC00070BDEB4217D4E94215D48B4270BD9B4224
:10DCD00070BDEC4206D5AC42F9D5994200D070BD7A
:10DCE000904270BD6D005C00EC4204D24C00EC42EE
:10DCF00001D2994270BD0FB4034C0CBC03BC30B4CC
:10DD0000F4F762FE30BC70BD1900160470B5012531
:10DD10000400ED074C4020D4441A01D2001B09191D
:10DD2000C60D4B00F2B2FF2A29D01B0E2CD00002E8
:10DD30000C02D31A2C43DC402843051910D2280AC0
:10DD400002D3401C6D0611D0761EF6058019FF2AFD
:10DD500000DA70BDC00DC00570BD694000F0DCF890
:10DD600001200543C541521C761CE8E764089C402D
:10DD7000C90161408900E7D10124A043E4E71B0EFB
:10DD8000440200D0034870BD002AFCD1C00FC00778
:10DD900070BD00BF0000C07F01230200DB050A4305
:10DDA0000DD4DA4203D49A4207D488427047D8424D
:10DDB00014D4D94212D48842704780427047DA4264
:10DDC00003D59A42F9D5814270475B004200DA429E
:10DDD00004D24A00DA4201D28142704710B5024AA9
:10DDE000F4F73AFE10BD00BF0900160470B54200FA
:10DDF00064414B005C41120E39D01B0E38D0FF2A13
:10DE00003CD0FF2B3AD040024902400A490A0600A2
:10DE100045184E43000A090AD2184843ED017F3ADB
:10DE20000104731A4019190C4318990F04D00121E9
:10DE30005B0849075B1A521CD80904D3401CF50340
:10DE400001D19D0607D0FF2A08D2D50506D0E407E8
:10DE50002043401970BD0125A843F4E7002A01DCE6
:10DE6000E00770BD2402FF202043C00570BD1B0EDB
:10DE7000FF2A03D0FF2B01D0E00770BDFF2645002D
:10DE80003606B54206D84D00B54203D8D218FF2A4F
:10DE900000D0E7E7004870BD0000C07F01230A0002
:10DEA000DB0502430DD4DA4203D49A4207D48142FF
:10DEB0007047D94214D4D84212D481427047894263
:10DEC0007047DA4203D59A42F9D5884270475B0021
:10DED0004A00DA4204D24200DA4201D28842704754
:10DEE0004840414010B5024A4840F4F7B5FD10BD26
:10DEF0000900160470B50125ED07684004004C4088
:10DF000002D5694000F008F8FFF706FF70B501255B
:10DF10000400ED074C4022D4441A02D26C40001B8E
:10DF20000919C60D4B00F2B2FF2A4BD01B0E50D080
:10DF300000020C02D31A2C43DC40A843051B05D574
:10DF4000AD0019D36D08761E521E37D0F605280A8B
:10DF500001D2801970BD70416D0603D070BD69405B
:10DF6000FFF7DAFE9C4009026140490001D0401EE3
:10DF700070BD0124A04370BD6D081DD001202B0C85
:10DF800001D12D0410302B0E01D12D0208302B0FA2
:10DF900001D12D01001DAB0F01D1AD00801CEB0F95
:10DFA00001D16D00401C6D00361A121A680AF50581
:10DFB0004019012A02DB70BD002070BDC036300A56
:10DFC000C00770BD1B0E440201D1FF2B00D10248D7
:10DFD00070BD002AF0D070BD0000C07F03B40248BD
:10DFE0007844844603BC60470B3FFFFF03B40248FC
:10DFF0007844844603BC60472344FFFF03B40248CF
:10E000007844844603BC6047E958FFFF03B40248E4
:10E010007844844603BC60470D5CFFFF00000000AD
:10E0200000000000010203040607080900000000C8
:10E0300001020304030406080C101820300000003D
:10E040007B226964223A223132222C227665727355
:10E05000696F6E223A22312E30222C227061726159
:10E060006D73223A5B224865617274467265712253
:10E070002C224C61746974756465222C224C6F6E7D
:10E08000676974756465225D7D0000000000000012
:10E090007CE200089CE200086CE2000884E20008D0
:10E0A00080E20008A4E2000898E20008A8E2000864
:10E0B00074E200088CE2000870E2000888E20008C0
:10E0C00078E2000890E2000894E20008A0E200086C
:10E0D000303132333435363738394142434445469E
:10E0E0004030580030313233343536373839616298
:10E0F000636465664030780004000008000000009A
:10E1000000000002000100001080807F7E7D7C7B8B
:10E110007A7978777676757473727171706F6E6EC6
:10E120006D6C6C6B6A6A696868676666656464636F
:10E130006362616160605F5F5E5E5D5D5C5C5B5BF6
:10E140005A5A595958585757565655555554545365
:10E150005352525251515050504F4F4F4E4E4D4DC1
:10E160004D4C4C4C4B4B4B4A4A4A4949494848480C
:10E17000474747474646464545454444444443434C
:10E1800043434242424241414181828384858687A2
:10E1900088898B8C8D8E8F919293959697999A9C66
:10E1A0009D9FA0A2A3A5A7A8AAACAEB0B2B3B5B7D5
:10E1B000B9BCBEC0C2C5C7C9CCCED1D4D7D9DCDFAB
:10E1C000E2E6E9ECF0F3F7FAFE3A7474003A74749C
:10E1D000003A74740000000002400000000000A03B
:10E1E0000000000005400000000000C80000000022
:10E1F0000C4000000000409C00000000194000009E
:10E200000020BCBE0000000034400000BFC91B8ECF
:10E2100000000004B5400000504BCFD06607E2CFAD
:10E22000010000006C4100003E8251AADFEEA734DD
:10E2300001000000D9420000DCB5A0E23A301F978F
:10E24000FFFFFFFFB4450000FD25A0C8E9A3C14FB3
:10E25000FFFFFFFFFF3F0000000000800000000004
:10E26000FF3F0000000000800000000020000000D0
:10E270002300000025000000260000002B00000005
:10E280002F000000253230002532330025323500C2
:10E29000253236003D0000003F00000025324200DC
:10E2A00025334400253246002533460000E40008AB
:10E2B00000000020900000000401000890E4000825
:10E2C00090000020681C00002001000800000000F1
:10E2D0000000F07F1001000043000000F8FFFFFF86
:10E2E0000040404040404040404041414141414069
:10E2F000404040404040404040404040404040401E
:10E3000040050202020202020202020202020202AC
:10E3100002202020202020202020200202020202B1
:10E320000202909090909090101010101010101009
:10E330001010101010101010101010100202020215
:10E340000202888888888888080808080808080859
:10E350000808080808080808080808080202020255
:10E36000400000000000000000000000000000006D
:10E37000000000000000000000000000000000009D
:10E38000000000000000000000000000000000008D
:10E39000000000000000000000000000000000007D
:10E3A000000000000000000000000000000000006D
:10E3B000000000000000000000000000000000005D
:10E3C000000000000000000000000000000000004D
:10E3D000000000000000000000000000000000003D
:10E3E000000000001C00000043000000F8FFFFFFD9
:10E3F0000C0000000E0000000F0000002E000000C6
:10E40000000000000000000000000000000000000C
:10E410000000200000430D0A010300010001D5CADD
:10E42000008000000000000000000000000000006C
:10E4300000000000000000000000000000000000DC
:10E4400000000000000000000000000000000000CC
:10E4500000000000000000000000000000000000BC
:10E4600000000000000000000400000001000000A7
:10E4700000000000000000005D020008BF0200086C
:10E480000B03000800000000000000000000000076
>>>>>>> 974e0862a7e52c0771c8a8e840632994fe4bc83a
:04000005080000C12E
:00000001FF
